DATAFLOW,FREQ,INDICATOR,GEO_PICT,SEX,AGE,URBANIZATION,INCOME,EDUCATION,OCCUPATION,COMPOSITE_BREAKDOWN,DISABILITY,TIME_PERIOD,OBS_VALUE,UNIT_MEASURE,REPORTING_TYPE,NATURE,DATA_SOURCE,OBS_STATUS,OBS_COMMENT,source_file
SPC:DF_BP50_2(1.0),A,SE_TOT_PRFL,NU,F,_T,_T,_T,1_y4,_T,SKILL_MIN_LTRCY,_T,2015,53.0,PERCENT,R,C,Pacific Islands Literacy and Numeracy Assessment (PILNA). ,,,NU.csv
SPC:DF_BP50_2(1.0),A,SE_TOT_PRFL,NU,F,_T,_T,_T,1_y4,_T,SKILL_MIN_LTRCY,_T,2018,57.0,PERCENT,R,C,Pacific Islands Literacy and Numeracy Assessment (PILNA). ,,,NU.csv
SPC:DF_BP50_2(1.0),A,SE_TOT_PRFL,NU,F,_T,_T,_T,1_y4,_T,SKILL_MIN_NMRCY,_T,2015,71.0,PERCENT,R,C,Pacific Islands Literacy and Numeracy Assessment (PILNA). ,,,NU.csv
SPC:DF_BP50_2(1.0),A,SE_TOT_PRFL,NU,F,_T,_T,_T,1_y4,_T,SKILL_MIN_NMRCY,_T,2018,64.0,PERCENT,R,C,Pacific Islands Literacy and Numeracy Assessment (PILNA). ,,,NU.csv
SPC:DF_BP50_2(1.0),A,SE_TOT_PRFL,NU,F,_T,_T,_T,1_y6,_T,SKILL_MIN_NMRCY,_T,2015,61.0,PERCENT,R,C,Pacific Islands Literacy and Numeracy Assessment (PILNA). ,,,NU.csv
SPC:DF_BP50_2(1.0),A,SE_TOT_PRFL,NU,F,_T,_T,_T,1_y6,_T,SKILL_MIN_NMRCY,_T,2018,85.0,PERCENT,R,C,Pacific Islands Literacy and Numeracy Assessment (PILNA). ,,,NU.csv
SPC:DF_BP50_2(1.0),A,SE_TOT_PRFL,NU,M,_T,_T,_T,1_y4,_T,SKILL_MIN_LTRCY,_T,2015,44.0,PERCENT,R,C,Pacific Islands Literacy and Numeracy Assessment (PILNA). ,,,NU.csv
SPC:DF_BP50_2(1.0),A,SE_TOT_PRFL,NU,M,_T,_T,_T,1_y4,_T,SKILL_MIN_LTRCY,_T,2018,44.0,PERCENT,R,C,Pacific Islands Literacy and Numeracy Assessment (PILNA). ,,,NU.csv
SPC:DF_BP50_2(1.0),A,SE_TOT_PRFL,NU,_T,_T,_T,_T,1_y4,_T,SKILL_MIN_NMRCY,_T,2012,85.0,PERCENT,R,C,Pacific Islands Literacy and Numeracy Assessment (PILNA). ,,,NU.csv
SPC:DF_BP50_2(1.0),A,SE_TOT_PRFL,NU,_T,_T,_T,_T,1_y4,_T,SKILL_MIN_NMRCY,_T,2015,75.0,PERCENT,R,C,Pacific Islands Literacy and Numeracy Assessment (PILNA). ,,,NU.csv
SPC:DF_BP50_2(1.0),A,SE_TOT_PRFL,NU,_T,_T,_T,_T,1_y4,_T,SKILL_MIN_NMRCY,_T,2018,65.0,PERCENT,R,C,Pacific Islands Literacy and Numeracy Assessment (PILNA). ,,,NU.csv
SPC:DF_BP50_2(1.0),A,SE_TOT_PRFL,NU,_T,_T,_T,_T,1_y6,_T,SKILL_MIN_NMRCY,_T,2012,71.0,PERCENT,R,C,Pacific Islands Literacy and Numeracy Assessment (PILNA). ,,,NU.csv
SPC:DF_BP50_2(1.0),A,SE_TOT_PRFL,NU,_T,_T,_T,_T,1_y6,_T,SKILL_MIN_NMRCY,_T,2015,60.0,PERCENT,R,C,Pacific Islands Literacy and Numeracy Assessment (PILNA). ,,,NU.csv
SPC:DF_BP50_2(1.0),A,SE_TOT_PRFL,NU,_T,_T,_T,_T,1_y6,_T,SKILL_MIN_NMRCY,_T,2018,67.0,PERCENT,R,C,Pacific Islands Literacy and Numeracy Assessment (PILNA). ,,,NU.csv
SPC:DF_BP50_2(1.0),A,SE_TOT_PRFL,NU,_T,_T,_T,_T,1_y6,_T,SKILL_MIN_NMRCY,_T,2021,93.0,PERCENT,R,C,"Pacific Islands Literacy and Numeracy Assessment (PILNA), 2021 Assessment.",,,NU.csv
SPC:DF_BP50_2(1.0),A,SE_TOT_PRFL,NU,M,_T,_T,_T,1_y6,_T,SKILL_MIN_LTRCY,_T,2015,60.0,PERCENT,R,C,Pacific Islands Literacy and Numeracy Assessment (PILNA). ,,,NU.csv
SPC:DF_BP50_2(1.0),A,SE_TOT_PRFL,NU,M,_T,_T,_T,1_y6,_T,SKILL_MIN_LTRCY,_T,2018,35.0,PERCENT,R,C,Pacific Islands Literacy and Numeracy Assessment (PILNA). ,,,NU.csv
SPC:DF_BP50_2(1.0),A,SE_TOT_PRFL,NU,_T,_T,_T,_T,1_y4,_T,SKILL_MIN_LTRCY,_T,2012,54.0,PERCENT,R,C,Pacific Islands Literacy and Numeracy Assessment (PILNA). ,,,NU.csv
SPC:DF_BP50_2(1.0),A,SE_TOT_PRFL,NU,_T,_T,_T,_T,1_y4,_T,SKILL_MIN_LTRCY,_T,2015,49.0,PERCENT,R,C,Pacific Islands Literacy and Numeracy Assessment (PILNA). ,,,NU.csv
SPC:DF_BP50_2(1.0),A,SE_TOT_PRFL,NU,_T,_T,_T,_T,1_y4,_T,SKILL_MIN_LTRCY,_T,2018,50.0,PERCENT,R,C,Pacific Islands Literacy and Numeracy Assessment (PILNA). ,,,NU.csv
SPC:DF_BP50_2(1.0),A,SE_TOT_PRFL,NU,F,_T,_T,_T,1_y6,_T,SKILL_MIN_LTRCY,_T,2015,77.0,PERCENT,R,C,Pacific Islands Literacy and Numeracy Assessment (PILNA). ,,,NU.csv
SPC:DF_BP50_2(1.0),A,SE_TOT_PRFL,NU,F,_T,_T,_T,1_y6,_T,SKILL_MIN_LTRCY,_T,2018,88.0,PERCENT,R,C,Pacific Islands Literacy and Numeracy Assessment (PILNA). ,,,NU.csv
SPC:DF_BP50_2(1.0),A,SE_TOT_PRFL,NU,_T,_T,_T,_T,1_y6,_T,SKILL_MIN_LTRCY,_T,2012,82.0,PERCENT,R,C,Pacific Islands Literacy and Numeracy Assessment (PILNA). ,,,NU.csv
SPC:DF_BP50_2(1.0),A,SE_TOT_PRFL,NU,_T,_T,_T,_T,1_y6,_T,SKILL_MIN_LTRCY,_T,2015,69.0,PERCENT,R,C,Pacific Islands Literacy and Numeracy Assessment (PILNA). ,,,NU.csv
SPC:DF_BP50_2(1.0),A,SE_TOT_PRFL,NU,_T,_T,_T,_T,1_y6,_T,SKILL_MIN_LTRCY,_T,2018,62.0,PERCENT,R,C,Pacific Islands Literacy and Numeracy Assessment (PILNA). ,,,NU.csv
SPC:DF_BP50_2(1.0),A,SE_TOT_PRFL,NU,_T,_T,_T,_T,1_y6,_T,SKILL_MIN_LTRCY,_T,2021,90.0,PERCENT,R,C,"Pacific Islands Literacy and Numeracy Assessment (PILNA), 2021 Assessment.",,,NU.csv
SPC:DF_BP50_2(1.0),A,SE_TOT_PRFL,NU,M,_T,_T,_T,1_y4,_T,SKILL_MIN_NMRCY,_T,2015,80.0,PERCENT,R,C,Pacific Islands Literacy and Numeracy Assessment (PILNA). ,,,NU.csv
SPC:DF_BP50_2(1.0),A,SE_TOT_PRFL,NU,M,_T,_T,_T,1_y4,_T,SKILL_MIN_NMRCY,_T,2018,67.0,PERCENT,R,C,Pacific Islands Literacy and Numeracy Assessment (PILNA). ,,,NU.csv
SPC:DF_BP50_2(1.0),A,SE_TOT_PRFL,NU,M,_T,_T,_T,1_y6,_T,SKILL_MIN_NMRCY,_T,2015,58.0,PERCENT,R,C,Pacific Islands Literacy and Numeracy Assessment (PILNA). ,,,NU.csv
SPC:DF_BP50_2(1.0),A,SE_TOT_PRFL,NU,M,_T,_T,_T,1_y6,_T,SKILL_MIN_NMRCY,_T,2018,48.0,PERCENT,R,C,Pacific Islands Literacy and Numeracy Assessment (PILNA). ,,,NU.csv
SPC:DF_BP50_2(1.0),A,SE_TOT_PRFL,TO,F,_T,_T,_T,1_y4,_T,SKILL_MIN_NMRCY,_T,2015,84.0,PERCENT,R,C,Pacific Islands Literacy and Numeracy Assessment (PILNA). ,,,TO.csv
SPC:DF_BP50_2(1.0),A,SE_TOT_PRFL,TO,F,_T,_T,_T,1_y4,_T,SKILL_MIN_NMRCY,_T,2018,86.0,PERCENT,R,C,Pacific Islands Literacy and Numeracy Assessment (PILNA). ,,,TO.csv
SPC:DF_BP50_2(1.0),A,SE_TOT_PRFL,TO,_T,_T,_T,_T,1_y6,_T,SKILL_MIN_LTRCY,_T,2015,35.0,PERCENT,R,C,Pacific Islands Literacy and Numeracy Assessment (PILNA). ,,,TO.csv
SPC:DF_BP50_2(1.0),A,SE_TOT_PRFL,TO,_T,_T,_T,_T,1_y6,_T,SKILL_MIN_LTRCY,_T,2018,47.0,PERCENT,R,C,Pacific Islands Literacy and Numeracy Assessment (PILNA). ,,,TO.csv
SPC:DF_BP50_2(1.0),A,SE_TOT_PRFL,TO,_T,_T,_T,_T,1_y6,_T,SKILL_MIN_LTRCY,_T,2021,30.0,PERCENT,R,C,"Pacific Islands Literacy and Numeracy Assessment (PILNA), 2021 Assessment.",,,TO.csv
SPC:DF_BP50_2(1.0),A,SE_TOT_PRFL,TO,M,_T,_T,_T,1_y4,_T,SKILL_MIN_NMRCY,_T,2015,75.0,PERCENT,R,C,Pacific Islands Literacy and Numeracy Assessment (PILNA). ,,,TO.csv
SPC:DF_BP50_2(1.0),A,SE_TOT_PRFL,TO,M,_T,_T,_T,1_y4,_T,SKILL_MIN_NMRCY,_T,2018,78.0,PERCENT,R,C,Pacific Islands Literacy and Numeracy Assessment (PILNA). ,,,TO.csv
SPC:DF_BP50_2(1.0),A,SE_TOT_PRFL,TO,F,_T,_T,_T,1_y6,_T,SKILL_MIN_LTRCY,_T,2015,44.0,PERCENT,R,C,Pacific Islands Literacy and Numeracy Assessment (PILNA). ,,,TO.csv
SPC:DF_BP50_2(1.0),A,SE_TOT_PRFL,TO,F,_T,_T,_T,1_y6,_T,SKILL_MIN_LTRCY,_T,2018,59.0,PERCENT,R,C,Pacific Islands Literacy and Numeracy Assessment (PILNA). ,,,TO.csv
SPC:DF_BP50_2(1.0),A,SE_TOT_PRFL,TO,F,_T,_T,_T,1_y4,_T,SKILL_MIN_LTRCY,_T,2015,63.0,PERCENT,R,C,Pacific Islands Literacy and Numeracy Assessment (PILNA). ,,,TO.csv
SPC:DF_BP50_2(1.0),A,SE_TOT_PRFL,TO,F,_T,_T,_T,1_y4,_T,SKILL_MIN_LTRCY,_T,2018,72.0,PERCENT,R,C,Pacific Islands Literacy and Numeracy Assessment (PILNA). ,,,TO.csv
SPC:DF_BP50_2(1.0),A,SE_TOT_PRFL,TO,_T,_T,_T,_T,1_y4,_T,SKILL_MIN_LTRCY,_T,2015,55.0,PERCENT,R,C,Pacific Islands Literacy and Numeracy Assessment (PILNA). ,,,TO.csv
SPC:DF_BP50_2(1.0),A,SE_TOT_PRFL,TO,_T,_T,_T,_T,1_y4,_T,SKILL_MIN_LTRCY,_T,2018,62.0,PERCENT,R,C,Pacific Islands Literacy and Numeracy Assessment (PILNA). ,,,TO.csv
SPC:DF_BP50_2(1.0),A,SE_TOT_PRFL,TO,M,_T,_T,_T,1_y6,_T,SKILL_MIN_NMRCY,_T,2015,80.0,PERCENT,R,C,Pacific Islands Literacy and Numeracy Assessment (PILNA). ,,,TO.csv
SPC:DF_BP50_2(1.0),A,SE_TOT_PRFL,TO,M,_T,_T,_T,1_y6,_T,SKILL_MIN_NMRCY,_T,2018,89.0,PERCENT,R,C,Pacific Islands Literacy and Numeracy Assessment (PILNA). ,,,TO.csv
SPC:DF_BP50_2(1.0),A,SE_TOT_PRFL,TO,_T,_T,_T,_T,1_y6,_T,SKILL_MIN_NMRCY,_T,2015,83.0,PERCENT,R,C,Pacific Islands Literacy and Numeracy Assessment (PILNA). ,,,TO.csv
SPC:DF_BP50_2(1.0),A,SE_TOT_PRFL,TO,_T,_T,_T,_T,1_y6,_T,SKILL_MIN_NMRCY,_T,2018,92.0,PERCENT,R,C,Pacific Islands Literacy and Numeracy Assessment (PILNA). ,,,TO.csv
SPC:DF_BP50_2(1.0),A,SE_TOT_PRFL,TO,_T,_T,_T,_T,1_y6,_T,SKILL_MIN_NMRCY,_T,2021,87.0,PERCENT,R,C,"Pacific Islands Literacy and Numeracy Assessment (PILNA), 2021 Assessment.",,,TO.csv
SPC:DF_BP50_2(1.0),A,SE_TOT_PRFL,TO,_T,_T,_T,_T,1_y4,_T,SKILL_MIN_NMRCY,_T,2015,79.0,PERCENT,R,C,Pacific Islands Literacy and Numeracy Assessment (PILNA). ,,,TO.csv
SPC:DF_BP50_2(1.0),A,SE_TOT_PRFL,TO,_T,_T,_T,_T,1_y4,_T,SKILL_MIN_NMRCY,_T,2018,82.0,PERCENT,R,C,Pacific Islands Literacy and Numeracy Assessment (PILNA). ,,,TO.csv
SPC:DF_BP50_2(1.0),A,SE_TOT_PRFL,TO,M,_T,_T,_T,1_y4,_T,SKILL_MIN_LTRCY,_T,2015,42.0,PERCENT,R,C,Pacific Islands Literacy and Numeracy Assessment (PILNA). ,,,TO.csv
SPC:DF_BP50_2(1.0),A,SE_TOT_PRFL,TO,M,_T,_T,_T,1_y4,_T,SKILL_MIN_LTRCY,_T,2018,53.0,PERCENT,R,C,Pacific Islands Literacy and Numeracy Assessment (PILNA). ,,,TO.csv
SPC:DF_BP50_2(1.0),A,SE_TOT_PRFL,TO,F,_T,_T,_T,1_y6,_T,SKILL_MIN_NMRCY,_T,2015,87.0,PERCENT,R,C,Pacific Islands Literacy and Numeracy Assessment (PILNA). ,,,TO.csv
SPC:DF_BP50_2(1.0),A,SE_TOT_PRFL,TO,F,_T,_T,_T,1_y6,_T,SKILL_MIN_NMRCY,_T,2018,95.0,PERCENT,R,C,Pacific Islands Literacy and Numeracy Assessment (PILNA). ,,,TO.csv
SPC:DF_BP50_2(1.0),A,SE_TOT_PRFL,TO,M,_T,_T,_T,1_y6,_T,SKILL_MIN_LTRCY,_T,2015,26.0,PERCENT,R,C,Pacific Islands Literacy and Numeracy Assessment (PILNA). ,,,TO.csv
SPC:DF_BP50_2(1.0),A,SE_TOT_PRFL,TO,M,_T,_T,_T,1_y6,_T,SKILL_MIN_LTRCY,_T,2018,36.0,PERCENT,R,C,Pacific Islands Literacy and Numeracy Assessment (PILNA). ,,,TO.csv
SPC:DF_BP50_2(1.0),A,SE_TOT_PRFL,MH,F,_T,_T,_T,1_g5,_T,SKILL_MIN_NMRCY,_T,2015,81.0,PERCENT,R,C,Pacific Islands Literacy and Numeracy Assessment (PILNA). ,,,MH.csv
SPC:DF_BP50_2(1.0),A,SE_TOT_PRFL,MH,F,_T,_T,_T,1_g5,_T,SKILL_MIN_NMRCY,_T,2018,87.0,PERCENT,R,C,Pacific Islands Literacy and Numeracy Assessment (PILNA). ,,,MH.csv
SPC:DF_BP50_2(1.0),A,SE_TOT_PRFL,MH,M,_T,_T,_T,1_g7,_T,SKILL_MIN_LTRCY,_T,2015,55.0,PERCENT,R,C,Pacific Islands Literacy and Numeracy Assessment (PILNA). ,,,MH.csv
SPC:DF_BP50_2(1.0),A,SE_TOT_PRFL,MH,M,_T,_T,_T,1_g7,_T,SKILL_MIN_LTRCY,_T,2018,58.0,PERCENT,R,C,Pacific Islands Literacy and Numeracy Assessment (PILNA). ,,,MH.csv
SPC:DF_BP50_2(1.0),A,SE_TOT_PRFL,MH,_T,_T,_T,_T,1_g7,_T,SKILL_MIN_NMRCY,_T,2012,64.0,PERCENT,R,C,Pacific Islands Literacy and Numeracy Assessment (PILNA). ,,,MH.csv
SPC:DF_BP50_2(1.0),A,SE_TOT_PRFL,MH,_T,_T,_T,_T,1_g7,_T,SKILL_MIN_NMRCY,_T,2015,61.0,PERCENT,R,C,Pacific Islands Literacy and Numeracy Assessment (PILNA). ,,,MH.csv
SPC:DF_BP50_2(1.0),A,SE_TOT_PRFL,MH,_T,_T,_T,_T,1_g7,_T,SKILL_MIN_NMRCY,_T,2018,77.0,PERCENT,R,C,Pacific Islands Literacy and Numeracy Assessment (PILNA). ,,,MH.csv
SPC:DF_BP50_2(1.0),A,SE_TOT_PRFL,MH,_T,_T,_T,_T,1_g7,_T,SKILL_MIN_NMRCY,_T,2021,57.0,PERCENT,R,C,"Pacific Islands Literacy and Numeracy Assessment (PILNA), 2021 Assessment.",,,MH.csv
SPC:DF_BP50_2(1.0),A,SE_TOT_PRFL,MH,M,_T,_T,_T,1_g5,_T,SKILL_MIN_LTRCY,_T,2015,26.0,PERCENT,R,C,Pacific Islands Literacy and Numeracy Assessment (PILNA). ,,,MH.csv
SPC:DF_BP50_2(1.0),A,SE_TOT_PRFL,MH,M,_T,_T,_T,1_g5,_T,SKILL_MIN_LTRCY,_T,2018,50.0,PERCENT,R,C,Pacific Islands Literacy and Numeracy Assessment (PILNA). ,,,MH.csv
SPC:DF_BP50_2(1.0),A,SE_TOT_PRFL,MH,_T,_T,_T,_T,1_g5,_T,SKILL_MIN_NMRCY,_T,2012,69.0,PERCENT,R,C,Pacific Islands Literacy and Numeracy Assessment (PILNA). ,,,MH.csv
SPC:DF_BP50_2(1.0),A,SE_TOT_PRFL,MH,_T,_T,_T,_T,1_g5,_T,SKILL_MIN_NMRCY,_T,2015,79.0,PERCENT,R,C,Pacific Islands Literacy and Numeracy Assessment (PILNA). ,,,MH.csv
SPC:DF_BP50_2(1.0),A,SE_TOT_PRFL,MH,_T,_T,_T,_T,1_g5,_T,SKILL_MIN_NMRCY,_T,2018,85.0,PERCENT,R,C,Pacific Islands Literacy and Numeracy Assessment (PILNA). ,,,MH.csv
SPC:DF_BP50_2(1.0),A,SE_TOT_PRFL,MH,F,_T,_T,_T,1_g7,_T,SKILL_MIN_LTRCY,_T,2015,64.0,PERCENT,R,C,Pacific Islands Literacy and Numeracy Assessment (PILNA). ,,,MH.csv
SPC:DF_BP50_2(1.0),A,SE_TOT_PRFL,MH,F,_T,_T,_T,1_g7,_T,SKILL_MIN_LTRCY,_T,2018,70.0,PERCENT,R,C,Pacific Islands Literacy and Numeracy Assessment (PILNA). ,,,MH.csv
SPC:DF_BP50_2(1.0),A,SE_TOT_PRFL,MH,F,_T,_T,_T,1_g7,_T,SKILL_MIN_NMRCY,_T,2015,66.0,PERCENT,R,C,Pacific Islands Literacy and Numeracy Assessment (PILNA). ,,,MH.csv
SPC:DF_BP50_2(1.0),A,SE_TOT_PRFL,MH,F,_T,_T,_T,1_g7,_T,SKILL_MIN_NMRCY,_T,2018,79.0,PERCENT,R,C,Pacific Islands Literacy and Numeracy Assessment (PILNA). ,,,MH.csv
SPC:DF_BP50_2(1.0),A,SE_TOT_PRFL,MH,M,_T,_T,_T,1_g7,_T,SKILL_MIN_NMRCY,_T,2015,57.0,PERCENT,R,C,Pacific Islands Literacy and Numeracy Assessment (PILNA). ,,,MH.csv
SPC:DF_BP50_2(1.0),A,SE_TOT_PRFL,MH,M,_T,_T,_T,1_g7,_T,SKILL_MIN_NMRCY,_T,2018,76.0,PERCENT,R,C,Pacific Islands Literacy and Numeracy Assessment (PILNA). ,,,MH.csv
SPC:DF_BP50_2(1.0),A,SE_TOT_PRFL,MH,F,_T,_T,_T,1_g5,_T,SKILL_MIN_LTRCY,_T,2015,36.0,PERCENT,R,C,Pacific Islands Literacy and Numeracy Assessment (PILNA). ,,,MH.csv
SPC:DF_BP50_2(1.0),A,SE_TOT_PRFL,MH,F,_T,_T,_T,1_g5,_T,SKILL_MIN_LTRCY,_T,2018,57.0,PERCENT,R,C,Pacific Islands Literacy and Numeracy Assessment (PILNA). ,,,MH.csv
SPC:DF_BP50_2(1.0),A,SE_TOT_PRFL,MH,M,_T,_T,_T,1_g5,_T,SKILL_MIN_NMRCY,_T,2015,78.0,PERCENT,R,C,Pacific Islands Literacy and Numeracy Assessment (PILNA). ,,,MH.csv
SPC:DF_BP50_2(1.0),A,SE_TOT_PRFL,MH,M,_T,_T,_T,1_g5,_T,SKILL_MIN_NMRCY,_T,2018,82.0,PERCENT,R,C,Pacific Islands Literacy and Numeracy Assessment (PILNA). ,,,MH.csv
SPC:DF_BP50_2(1.0),A,SE_TOT_PRFL,MH,_T,_T,_T,_T,1_g5,_T,SKILL_MIN_LTRCY,_T,2012,31.0,PERCENT,R,C,Pacific Islands Literacy and Numeracy Assessment (PILNA). ,,,MH.csv
SPC:DF_BP50_2(1.0),A,SE_TOT_PRFL,MH,_T,_T,_T,_T,1_g5,_T,SKILL_MIN_LTRCY,_T,2015,31.0,PERCENT,R,C,Pacific Islands Literacy and Numeracy Assessment (PILNA). ,,,MH.csv
SPC:DF_BP50_2(1.0),A,SE_TOT_PRFL,MH,_T,_T,_T,_T,1_g5,_T,SKILL_MIN_LTRCY,_T,2018,53.0,PERCENT,R,C,Pacific Islands Literacy and Numeracy Assessment (PILNA). ,,,MH.csv
SPC:DF_BP50_2(1.0),A,SE_TOT_PRFL,MH,_T,_T,_T,_T,1_g7,_T,SKILL_MIN_LTRCY,_T,2012,55.0,PERCENT,R,C,Pacific Islands Literacy and Numeracy Assessment (PILNA). ,,,MH.csv
SPC:DF_BP50_2(1.0),A,SE_TOT_PRFL,MH,_T,_T,_T,_T,1_g7,_T,SKILL_MIN_LTRCY,_T,2015,59.0,PERCENT,R,C,Pacific Islands Literacy and Numeracy Assessment (PILNA). ,,,MH.csv
SPC:DF_BP50_2(1.0),A,SE_TOT_PRFL,MH,_T,_T,_T,_T,1_g7,_T,SKILL_MIN_LTRCY,_T,2018,64.0,PERCENT,R,C,Pacific Islands Literacy and Numeracy Assessment (PILNA). ,,,MH.csv
SPC:DF_BP50_2(1.0),A,SE_TOT_PRFL,MH,_T,_T,_T,_T,1_g7,_T,SKILL_MIN_LTRCY,_T,2021,51.0,PERCENT,R,C,"Pacific Islands Literacy and Numeracy Assessment (PILNA), 2021 Assessment.",,,MH.csv
SPC:DF_BP50_2(1.0),A,SE_TOT_PRFL,VU,M,_T,_T,_T,1_y4,_T,SKILL_MIN_LTRCY,_T,2015,23.0,PERCENT,R,C,Pacific Islands Literacy and Numeracy Assessment (PILNA). ,,,VU.csv
SPC:DF_BP50_2(1.0),A,SE_TOT_PRFL,VU,M,_T,_T,_T,1_y4,_T,SKILL_MIN_LTRCY,_T,2018,24.0,PERCENT,R,C,Pacific Islands Literacy and Numeracy Assessment (PILNA). ,,,VU.csv
SPC:DF_BP50_2(1.0),A,SE_TOT_PRFL,VU,F,_T,_T,_T,1_y6,_T,SKILL_MIN_LTRCY,_T,2015,62.0,PERCENT,R,C,Pacific Islands Literacy and Numeracy Assessment (PILNA). ,,,VU.csv
SPC:DF_BP50_2(1.0),A,SE_TOT_PRFL,VU,F,_T,_T,_T,1_y6,_T,SKILL_MIN_LTRCY,_T,2018,73.0,PERCENT,R,C,Pacific Islands Literacy and Numeracy Assessment (PILNA). ,,,VU.csv
SPC:DF_BP50_2(1.0),A,SE_TOT_PRFL,VU,M,_T,_T,_T,1_y6,_T,SKILL_MIN_LTRCY,_T,2015,50.0,PERCENT,R,C,Pacific Islands Literacy and Numeracy Assessment (PILNA). ,,,VU.csv
SPC:DF_BP50_2(1.0),A,SE_TOT_PRFL,VU,M,_T,_T,_T,1_y6,_T,SKILL_MIN_LTRCY,_T,2018,59.0,PERCENT,R,C,Pacific Islands Literacy and Numeracy Assessment (PILNA). ,,,VU.csv
SPC:DF_BP50_2(1.0),A,SE_TOT_PRFL,VU,M,_T,_T,_T,1_y6,_T,SKILL_MIN_NMRCY,_T,2015,80.0,PERCENT,R,C,Pacific Islands Literacy and Numeracy Assessment (PILNA). ,,,VU.csv
SPC:DF_BP50_2(1.0),A,SE_TOT_PRFL,VU,M,_T,_T,_T,1_y6,_T,SKILL_MIN_NMRCY,_T,2018,81.0,PERCENT,R,C,Pacific Islands Literacy and Numeracy Assessment (PILNA). ,,,VU.csv
SPC:DF_BP50_2(1.0),A,SE_TOT_PRFL,VU,_T,_T,_T,_T,1_y6,_T,SKILL_MIN_NMRCY,_T,2012,59.0,PERCENT,R,C,Pacific Islands Literacy and Numeracy Assessment (PILNA). ,,,VU.csv
SPC:DF_BP50_2(1.0),A,SE_TOT_PRFL,VU,_T,_T,_T,_T,1_y6,_T,SKILL_MIN_NMRCY,_T,2015,75.0,PERCENT,R,C,Pacific Islands Literacy and Numeracy Assessment (PILNA). ,,,VU.csv
SPC:DF_BP50_2(1.0),A,SE_TOT_PRFL,VU,_T,_T,_T,_T,1_y6,_T,SKILL_MIN_NMRCY,_T,2018,84.0,PERCENT,R,C,Pacific Islands Literacy and Numeracy Assessment (PILNA). ,,,VU.csv
SPC:DF_BP50_2(1.0),A,SE_TOT_PRFL,VU,_T,_T,_T,_T,1_y6,_T,SKILL_MIN_NMRCY,_T,2021,73.0,PERCENT,R,C,"Pacific Islands Literacy and Numeracy Assessment (PILNA), 2021 Assessment.",,,VU.csv
SPC:DF_BP50_2(1.0),A,SE_TOT_PRFL,VU,_T,_T,_T,_T,1_y4,_T,SKILL_MIN_NMRCY,_T,2012,71.0,PERCENT,R,C,Pacific Islands Literacy and Numeracy Assessment (PILNA). ,,,VU.csv
SPC:DF_BP50_2(1.0),A,SE_TOT_PRFL,VU,_T,_T,_T,_T,1_y4,_T,SKILL_MIN_NMRCY,_T,2015,89.0,PERCENT,R,C,Pacific Islands Literacy and Numeracy Assessment (PILNA). ,,,VU.csv
SPC:DF_BP50_2(1.0),A,SE_TOT_PRFL,VU,_T,_T,_T,_T,1_y4,_T,SKILL_MIN_NMRCY,_T,2018,79.0,PERCENT,R,C,Pacific Islands Literacy and Numeracy Assessment (PILNA). ,,,VU.csv
SPC:DF_BP50_2(1.0),A,SE_TOT_PRFL,VU,F,_T,_T,_T,1_y4,_T,SKILL_MIN_NMRCY,_T,2015,90.0,PERCENT,R,C,Pacific Islands Literacy and Numeracy Assessment (PILNA). ,,,VU.csv
SPC:DF_BP50_2(1.0),A,SE_TOT_PRFL,VU,F,_T,_T,_T,1_y4,_T,SKILL_MIN_NMRCY,_T,2018,83.0,PERCENT,R,C,Pacific Islands Literacy and Numeracy Assessment (PILNA). ,,,VU.csv
SPC:DF_BP50_2(1.0),A,SE_TOT_PRFL,VU,F,_T,_T,_T,1_y4,_T,SKILL_MIN_LTRCY,_T,2015,32.0,PERCENT,R,C,Pacific Islands Literacy and Numeracy Assessment (PILNA). ,,,VU.csv
SPC:DF_BP50_2(1.0),A,SE_TOT_PRFL,VU,F,_T,_T,_T,1_y4,_T,SKILL_MIN_LTRCY,_T,2018,33.0,PERCENT,R,C,Pacific Islands Literacy and Numeracy Assessment (PILNA). ,,,VU.csv
SPC:DF_BP50_2(1.0),A,SE_TOT_PRFL,VU,M,_T,_T,_T,1_y4,_T,SKILL_MIN_NMRCY,_T,2015,87.0,PERCENT,R,C,Pacific Islands Literacy and Numeracy Assessment (PILNA). ,,,VU.csv
SPC:DF_BP50_2(1.0),A,SE_TOT_PRFL,VU,M,_T,_T,_T,1_y4,_T,SKILL_MIN_NMRCY,_T,2018,76.0,PERCENT,R,C,Pacific Islands Literacy and Numeracy Assessment (PILNA). ,,,VU.csv
SPC:DF_BP50_2(1.0),A,SE_TOT_PRFL,VU,F,_T,_T,_T,1_y6,_T,SKILL_MIN_NMRCY,_T,2015,87.0,PERCENT,R,C,Pacific Islands Literacy and Numeracy Assessment (PILNA). ,,,VU.csv
SPC:DF_BP50_2(1.0),A,SE_TOT_PRFL,VU,F,_T,_T,_T,1_y6,_T,SKILL_MIN_NMRCY,_T,2018,88.0,PERCENT,R,C,Pacific Islands Literacy and Numeracy Assessment (PILNA). ,,,VU.csv
SPC:DF_BP50_2(1.0),A,SE_TOT_PRFL,VU,_T,_T,_T,_T,1_y6,_T,SKILL_MIN_LTRCY,_T,2012,42.0,PERCENT,R,C,Pacific Islands Literacy and Numeracy Assessment (PILNA). ,,,VU.csv
SPC:DF_BP50_2(1.0),A,SE_TOT_PRFL,VU,_T,_T,_T,_T,1_y6,_T,SKILL_MIN_LTRCY,_T,2015,56.0,PERCENT,R,C,Pacific Islands Literacy and Numeracy Assessment (PILNA). ,,,VU.csv
SPC:DF_BP50_2(1.0),A,SE_TOT_PRFL,VU,_T,_T,_T,_T,1_y6,_T,SKILL_MIN_LTRCY,_T,2018,66.0,PERCENT,R,C,Pacific Islands Literacy and Numeracy Assessment (PILNA). ,,,VU.csv
SPC:DF_BP50_2(1.0),A,SE_TOT_PRFL,VU,_T,_T,_T,_T,1_y6,_T,SKILL_MIN_LTRCY,_T,2021,50.0,PERCENT,R,C,"Pacific Islands Literacy and Numeracy Assessment (PILNA), 2021 Assessment.",,,VU.csv
SPC:DF_BP50_2(1.0),A,SE_TOT_PRFL,VU,_T,_T,_T,_T,1_y4,_T,SKILL_MIN_LTRCY,_T,2012,23.0,PERCENT,R,C,Pacific Islands Literacy and Numeracy Assessment (PILNA). ,,,VU.csv
SPC:DF_BP50_2(1.0),A,SE_TOT_PRFL,VU,_T,_T,_T,_T,1_y4,_T,SKILL_MIN_LTRCY,_T,2015,27.0,PERCENT,R,C,Pacific Islands Literacy and Numeracy Assessment (PILNA). ,,,VU.csv
SPC:DF_BP50_2(1.0),A,SE_TOT_PRFL,VU,_T,_T,_T,_T,1_y4,_T,SKILL_MIN_LTRCY,_T,2018,28.0,PERCENT,R,C,Pacific Islands Literacy and Numeracy Assessment (PILNA). ,,,VU.csv
SPC:DF_BP50_2(1.0),A,SE_TOT_PRFL,NR,_T,_T,_T,_T,1_y4,_T,SKILL_MIN_NMRCY,_T,2018,68.0,PERCENT,R,C,Pacific Islands Literacy and Numeracy Assessment (PILNA). ,,,NR.csv
SPC:DF_BP50_2(1.0),A,SE_TOT_PRFL,NR,F,_T,_T,_T,1_y6,_T,SKILL_MIN_LTRCY,_T,2018,67.0,PERCENT,R,C,Pacific Islands Literacy and Numeracy Assessment (PILNA). ,,,NR.csv
SPC:DF_BP50_2(1.0),A,SE_TOT_PRFL,NR,_T,_T,_T,_T,1_y4,_T,SKILL_MIN_LTRCY,_T,2018,48.0,PERCENT,R,C,Pacific Islands Literacy and Numeracy Assessment (PILNA). ,,,NR.csv
SPC:DF_BP50_2(1.0),A,SE_TOT_PRFL,NR,M,_T,_T,_T,1_y6,_T,SKILL_MIN_NMRCY,_T,2018,59.0,PERCENT,R,C,Pacific Islands Literacy and Numeracy Assessment (PILNA). ,,,NR.csv
SPC:DF_BP50_2(1.0),A,SE_TOT_PRFL,NR,F,_T,_T,_T,1_y6,_T,SKILL_MIN_NMRCY,_T,2018,67.0,PERCENT,R,C,Pacific Islands Literacy and Numeracy Assessment (PILNA). ,,,NR.csv
SPC:DF_BP50_2(1.0),A,SE_TOT_PRFL,NR,_T,_T,_T,_T,1_y6,_T,SKILL_MIN_NMRCY,_T,2018,63.0,PERCENT,R,C,Pacific Islands Literacy and Numeracy Assessment (PILNA). ,,,NR.csv
SPC:DF_BP50_2(1.0),A,SE_TOT_PRFL,NR,_T,_T,_T,_T,1_y6,_T,SKILL_MIN_NMRCY,_T,2021,50.0,PERCENT,R,C,"Pacific Islands Literacy and Numeracy Assessment (PILNA), 2021 Assessment.",,,NR.csv
SPC:DF_BP50_2(1.0),A,SE_TOT_PRFL,NR,M,_T,_T,_T,1_y6,_T,SKILL_MIN_LTRCY,_T,2018,45.0,PERCENT,R,C,Pacific Islands Literacy and Numeracy Assessment (PILNA). ,,,NR.csv
SPC:DF_BP50_2(1.0),A,SE_TOT_PRFL,NR,M,_T,_T,_T,1_y4,_T,SKILL_MIN_LTRCY,_T,2018,38.0,PERCENT,R,C,Pacific Islands Literacy and Numeracy Assessment (PILNA). ,,,NR.csv
SPC:DF_BP50_2(1.0),A,SE_TOT_PRFL,NR,F,_T,_T,_T,1_y4,_T,SKILL_MIN_NMRCY,_T,2018,74.0,PERCENT,R,C,Pacific Islands Literacy and Numeracy Assessment (PILNA). ,,,NR.csv
SPC:DF_BP50_2(1.0),A,SE_TOT_PRFL,NR,F,_T,_T,_T,1_y4,_T,SKILL_MIN_LTRCY,_T,2018,54.0,PERCENT,R,C,Pacific Islands Literacy and Numeracy Assessment (PILNA). ,,,NR.csv
SPC:DF_BP50_2(1.0),A,SE_TOT_PRFL,NR,M,_T,_T,_T,1_y4,_T,SKILL_MIN_NMRCY,_T,2018,60.0,PERCENT,R,C,Pacific Islands Literacy and Numeracy Assessment (PILNA). ,,,NR.csv
SPC:DF_BP50_2(1.0),A,SE_TOT_PRFL,NR,_T,_T,_T,_T,1_y6,_T,SKILL_MIN_LTRCY,_T,2018,57.0,PERCENT,R,C,Pacific Islands Literacy and Numeracy Assessment (PILNA). ,,,NR.csv
SPC:DF_BP50_2(1.0),A,SE_TOT_PRFL,NR,_T,_T,_T,_T,1_y6,_T,SKILL_MIN_LTRCY,_T,2021,62.0,PERCENT,R,C,"Pacific Islands Literacy and Numeracy Assessment (PILNA), 2021 Assessment.",,,NR.csv
SPC:DF_BP50_2(1.0),A,SE_TOT_PRFL,WS,_T,_T,_T,_T,1_y6,_T,SKILL_MIN_LTRCY,_T,2012,22.0,PERCENT,R,C,Pacific Islands Literacy and Numeracy Assessment (PILNA). ,,,WS.csv
SPC:DF_BP50_2(1.0),A,SE_TOT_PRFL,WS,_T,_T,_T,_T,1_y6,_T,SKILL_MIN_LTRCY,_T,2015,28.0,PERCENT,R,C,Pacific Islands Literacy and Numeracy Assessment (PILNA). ,,,WS.csv
SPC:DF_BP50_2(1.0),A,SE_TOT_PRFL,WS,_T,_T,_T,_T,1_y6,_T,SKILL_MIN_LTRCY,_T,2018,61.0,PERCENT,R,C,Pacific Islands Literacy and Numeracy Assessment (PILNA). ,,,WS.csv
SPC:DF_BP50_2(1.0),A,SE_TOT_PRFL,WS,_T,_T,_T,_T,1_y6,_T,SKILL_MIN_LTRCY,_T,2021,48.0,PERCENT,R,C,"Pacific Islands Literacy and Numeracy Assessment (PILNA), 2021 Assessment.",,,WS.csv
SPC:DF_BP50_2(1.0),A,SE_TOT_PRFL,WS,M,_T,_T,_T,1_y6,_T,SKILL_MIN_LTRCY,_T,2015,24.0,PERCENT,R,C,Pacific Islands Literacy and Numeracy Assessment (PILNA). ,,,WS.csv
SPC:DF_BP50_2(1.0),A,SE_TOT_PRFL,WS,M,_T,_T,_T,1_y6,_T,SKILL_MIN_LTRCY,_T,2018,50.0,PERCENT,R,C,Pacific Islands Literacy and Numeracy Assessment (PILNA). ,,,WS.csv
SPC:DF_BP50_2(1.0),A,SE_TOT_PRFL,WS,F,_T,_T,_T,1_y4,_T,SKILL_MIN_NMRCY,_T,2015,81.0,PERCENT,R,C,Pacific Islands Literacy and Numeracy Assessment (PILNA). ,,,WS.csv
SPC:DF_BP50_2(1.0),A,SE_TOT_PRFL,WS,F,_T,_T,_T,1_y4,_T,SKILL_MIN_NMRCY,_T,2018,78.0,PERCENT,R,C,Pacific Islands Literacy and Numeracy Assessment (PILNA). ,,,WS.csv
SPC:DF_BP50_2(1.0),A,SE_TOT_PRFL,WS,_T,_T,_T,_T,1_y6,_T,SKILL_MIN_NMRCY,_T,2012,40.0,PERCENT,R,C,Pacific Islands Literacy and Numeracy Assessment (PILNA). ,,,WS.csv
SPC:DF_BP50_2(1.0),A,SE_TOT_PRFL,WS,_T,_T,_T,_T,1_y6,_T,SKILL_MIN_NMRCY,_T,2015,50.0,PERCENT,R,C,Pacific Islands Literacy and Numeracy Assessment (PILNA). ,,,WS.csv
SPC:DF_BP50_2(1.0),A,SE_TOT_PRFL,WS,_T,_T,_T,_T,1_y6,_T,SKILL_MIN_NMRCY,_T,2018,76.0,PERCENT,R,C,Pacific Islands Literacy and Numeracy Assessment (PILNA). ,,,WS.csv
SPC:DF_BP50_2(1.0),A,SE_TOT_PRFL,WS,_T,_T,_T,_T,1_y6,_T,SKILL_MIN_NMRCY,_T,2021,53.0,PERCENT,R,C,"Pacific Islands Literacy and Numeracy Assessment (PILNA), 2021 Assessment.",,,WS.csv
SPC:DF_BP50_2(1.0),A,SE_TOT_PRFL,WS,F,_T,_T,_T,1_y6,_T,SKILL_MIN_NMRCY,_T,2015,54.0,PERCENT,R,C,Pacific Islands Literacy and Numeracy Assessment (PILNA). ,,,WS.csv
SPC:DF_BP50_2(1.0),A,SE_TOT_PRFL,WS,F,_T,_T,_T,1_y6,_T,SKILL_MIN_NMRCY,_T,2018,85.0,PERCENT,R,C,Pacific Islands Literacy and Numeracy Assessment (PILNA). ,,,WS.csv
SPC:DF_BP50_2(1.0),A,SE_TOT_PRFL,WS,M,_T,_T,_T,1_y4,_T,SKILL_MIN_LTRCY,_T,2015,30.0,PERCENT,R,C,Pacific Islands Literacy and Numeracy Assessment (PILNA). ,,,WS.csv
SPC:DF_BP50_2(1.0),A,SE_TOT_PRFL,WS,M,_T,_T,_T,1_y4,_T,SKILL_MIN_LTRCY,_T,2018,39.0,PERCENT,R,C,Pacific Islands Literacy and Numeracy Assessment (PILNA). ,,,WS.csv
SPC:DF_BP50_2(1.0),A,SE_TOT_PRFL,WS,_T,_T,_T,_T,1_y4,_T,SKILL_MIN_NMRCY,_T,2012,59.0,PERCENT,R,C,Pacific Islands Literacy and Numeracy Assessment (PILNA). ,,,WS.csv
SPC:DF_BP50_2(1.0),A,SE_TOT_PRFL,WS,_T,_T,_T,_T,1_y4,_T,SKILL_MIN_NMRCY,_T,2015,80.0,PERCENT,R,C,Pacific Islands Literacy and Numeracy Assessment (PILNA). ,,,WS.csv
SPC:DF_BP50_2(1.0),A,SE_TOT_PRFL,WS,_T,_T,_T,_T,1_y4,_T,SKILL_MIN_NMRCY,_T,2018,71.0,PERCENT,R,C,Pacific Islands Literacy and Numeracy Assessment (PILNA). ,,,WS.csv
SPC:DF_BP50_2(1.0),A,SE_TOT_PRFL,WS,F,_T,_T,_T,1_y6,_T,SKILL_MIN_LTRCY,_T,2015,32.0,PERCENT,R,C,Pacific Islands Literacy and Numeracy Assessment (PILNA). ,,,WS.csv
SPC:DF_BP50_2(1.0),A,SE_TOT_PRFL,WS,F,_T,_T,_T,1_y6,_T,SKILL_MIN_LTRCY,_T,2018,75.0,PERCENT,R,C,Pacific Islands Literacy and Numeracy Assessment (PILNA). ,,,WS.csv
SPC:DF_BP50_2(1.0),A,SE_TOT_PRFL,WS,_T,_T,_T,_T,1_y4,_T,SKILL_MIN_LTRCY,_T,2012,52.0,PERCENT,R,C,Pacific Islands Literacy and Numeracy Assessment (PILNA). ,,,WS.csv
SPC:DF_BP50_2(1.0),A,SE_TOT_PRFL,WS,_T,_T,_T,_T,1_y4,_T,SKILL_MIN_LTRCY,_T,2015,33.0,PERCENT,R,C,Pacific Islands Literacy and Numeracy Assessment (PILNA). ,,,WS.csv
SPC:DF_BP50_2(1.0),A,SE_TOT_PRFL,WS,_T,_T,_T,_T,1_y4,_T,SKILL_MIN_LTRCY,_T,2018,50.0,PERCENT,R,C,Pacific Islands Literacy and Numeracy Assessment (PILNA). ,,,WS.csv
SPC:DF_BP50_2(1.0),A,SE_TOT_PRFL,WS,M,_T,_T,_T,1_y6,_T,SKILL_MIN_NMRCY,_T,2015,46.0,PERCENT,R,C,Pacific Islands Literacy and Numeracy Assessment (PILNA). ,,,WS.csv
SPC:DF_BP50_2(1.0),A,SE_TOT_PRFL,WS,M,_T,_T,_T,1_y6,_T,SKILL_MIN_NMRCY,_T,2018,67.0,PERCENT,R,C,Pacific Islands Literacy and Numeracy Assessment (PILNA). ,,,WS.csv
SPC:DF_BP50_2(1.0),A,SE_TOT_PRFL,WS,M,_T,_T,_T,1_y4,_T,SKILL_MIN_NMRCY,_T,2015,78.0,PERCENT,R,C,Pacific Islands Literacy and Numeracy Assessment (PILNA). ,,,WS.csv
SPC:DF_BP50_2(1.0),A,SE_TOT_PRFL,WS,M,_T,_T,_T,1_y4,_T,SKILL_MIN_NMRCY,_T,2018,65.0,PERCENT,R,C,Pacific Islands Literacy and Numeracy Assessment (PILNA). ,,,WS.csv
SPC:DF_BP50_2(1.0),A,SE_TOT_PRFL,WS,F,_T,_T,_T,1_y4,_T,SKILL_MIN_LTRCY,_T,2015,36.0,PERCENT,R,C,Pacific Islands Literacy and Numeracy Assessment (PILNA). ,,,WS.csv
SPC:DF_BP50_2(1.0),A,SE_TOT_PRFL,WS,F,_T,_T,_T,1_y4,_T,SKILL_MIN_LTRCY,_T,2018,62.0,PERCENT,R,C,Pacific Islands Literacy and Numeracy Assessment (PILNA). ,,,WS.csv
SPC:DF_BP50_2(1.0),A,SE_TOT_PRFL,FJ,_T,_T,_T,_T,1_y4,_T,SKILL_MIN_LTRCY,_T,2018,64.0,PERCENT,R,C,Pacific Islands Literacy and Numeracy Assessment (PILNA). ,,,FJ.csv
SPC:DF_BP50_2(1.0),A,SE_TOT_PRFL,FJ,M,_T,_T,_T,1_y6,_T,SKILL_MIN_NMRCY,_T,2018,75.0,PERCENT,R,C,Pacific Islands Literacy and Numeracy Assessment (PILNA). ,,,FJ.csv
SPC:DF_BP50_2(1.0),A,SE_TOT_PRFL,FJ,F,_T,_T,_T,1_y6,_T,SKILL_MIN_LTRCY,_T,2018,81.0,PERCENT,R,C,Pacific Islands Literacy and Numeracy Assessment (PILNA). ,,,FJ.csv
SPC:DF_BP50_2(1.0),A,SE_TOT_PRFL,FJ,M,_T,_T,_T,1_y6,_T,SKILL_MIN_LTRCY,_T,2018,66.0,PERCENT,R,C,Pacific Islands Literacy and Numeracy Assessment (PILNA). ,,,FJ.csv
SPC:DF_BP50_2(1.0),A,SE_TOT_PRFL,FJ,M,_T,_T,_T,1_y4,_T,SKILL_MIN_NMRCY,_T,2018,78.0,PERCENT,R,C,Pacific Islands Literacy and Numeracy Assessment (PILNA). ,,,FJ.csv
SPC:DF_BP50_2(1.0),A,SE_TOT_PRFL,FJ,_T,_T,_T,_T,1_y6,_T,SKILL_MIN_LTRCY,_T,2018,74.0,PERCENT,R,C,Pacific Islands Literacy and Numeracy Assessment (PILNA). ,,,FJ.csv
SPC:DF_BP50_2(1.0),A,SE_TOT_PRFL,FJ,_T,_T,_T,_T,1_y6,_T,SKILL_MIN_LTRCY,_T,2021,71.0,PERCENT,R,C,"Pacific Islands Literacy and Numeracy Assessment (PILNA), 2021 Assessment.",,,FJ.csv
SPC:DF_BP50_2(1.0),A,SE_TOT_PRFL,FJ,F,_T,_T,_T,1_y6,_T,SKILL_MIN_NMRCY,_T,2018,87.0,PERCENT,R,C,Pacific Islands Literacy and Numeracy Assessment (PILNA). ,,,FJ.csv
SPC:DF_BP50_2(1.0),A,SE_TOT_PRFL,FJ,F,_T,_T,_T,1_y4,_T,SKILL_MIN_NMRCY,_T,2018,86.0,PERCENT,R,C,Pacific Islands Literacy and Numeracy Assessment (PILNA). ,,,FJ.csv
SPC:DF_BP50_2(1.0),A,SE_TOT_PRFL,FJ,F,_T,_T,_T,1_y4,_T,SKILL_MIN_LTRCY,_T,2018,63.0,PERCENT,R,C,Pacific Islands Literacy and Numeracy Assessment (PILNA). ,,,FJ.csv
SPC:DF_BP50_2(1.0),A,SE_TOT_PRFL,FJ,M,_T,_T,_T,1_y4,_T,SKILL_MIN_LTRCY,_T,2018,46.0,PERCENT,R,C,Pacific Islands Literacy and Numeracy Assessment (PILNA). ,,,FJ.csv
SPC:DF_BP50_2(1.0),A,SE_TOT_PRFL,FJ,_T,_T,_T,_T,1_y6,_T,SKILL_MIN_NMRCY,_T,2018,92.0,PERCENT,R,C,Pacific Islands Literacy and Numeracy Assessment (PILNA). ,,,FJ.csv
SPC:DF_BP50_2(1.0),A,SE_TOT_PRFL,FJ,_T,_T,_T,_T,1_y6,_T,SKILL_MIN_NMRCY,_T,2021,79.0,PERCENT,R,C,"Pacific Islands Literacy and Numeracy Assessment (PILNA), 2021 Assessment.",,,FJ.csv
SPC:DF_BP50_2(1.0),A,SE_TOT_PRFL,FJ,_T,_T,_T,_T,1_y4,_T,SKILL_MIN_NMRCY,_T,2018,78.0,PERCENT,R,C,Pacific Islands Literacy and Numeracy Assessment (PILNA). ,,,FJ.csv
SPC:DF_BP50_2(1.0),A,SE_TOT_PRFL,PG,_T,_T,_T,_T,1_g3,_T,SKILL_MIN_NMRCY,_T,2018,86.0,PERCENT,R,C,Pacific Islands Literacy and Numeracy Assessment (PILNA). ,,,PG.csv
SPC:DF_BP50_2(1.0),A,SE_TOT_PRFL,PG,F,_T,_T,_T,1_g5,_T,SKILL_MIN_NMRCY,_T,2015,51.0,PERCENT,R,C,Pacific Islands Literacy and Numeracy Assessment (PILNA). ,,,PG.csv
SPC:DF_BP50_2(1.0),A,SE_TOT_PRFL,PG,F,_T,_T,_T,1_g5,_T,SKILL_MIN_NMRCY,_T,2018,83.0,PERCENT,R,C,Pacific Islands Literacy and Numeracy Assessment (PILNA). ,,,PG.csv
SPC:DF_BP50_2(1.0),A,SE_TOT_PRFL,PG,F,_T,_T,_T,1_g5,_T,SKILL_MIN_LTRCY,_T,2018,58.0,PERCENT,R,C,Pacific Islands Literacy and Numeracy Assessment (PILNA). ,,,PG.csv
SPC:DF_BP50_2(1.0),A,SE_TOT_PRFL,PG,M,_T,_T,_T,1_g3,_T,SKILL_MIN_LTRCY,_T,2018,34.0,PERCENT,R,C,Pacific Islands Literacy and Numeracy Assessment (PILNA). ,,,PG.csv
SPC:DF_BP50_2(1.0),A,SE_TOT_PRFL,PG,_T,_T,_T,_T,1_g3,_T,SKILL_MIN_LTRCY,_T,2018,38.0,PERCENT,R,C,Pacific Islands Literacy and Numeracy Assessment (PILNA). ,,,PG.csv
SPC:DF_BP50_2(1.0),A,SE_TOT_PRFL,PG,M,_T,_T,_T,1_g5,_T,SKILL_MIN_NMRCY,_T,2015,51.0,PERCENT,R,C,Pacific Islands Literacy and Numeracy Assessment (PILNA). ,,,PG.csv
SPC:DF_BP50_2(1.0),A,SE_TOT_PRFL,PG,M,_T,_T,_T,1_g5,_T,SKILL_MIN_NMRCY,_T,2018,85.0,PERCENT,R,C,Pacific Islands Literacy and Numeracy Assessment (PILNA). ,,,PG.csv
SPC:DF_BP50_2(1.0),A,SE_TOT_PRFL,PG,M,_T,_T,_T,1_g3,_T,SKILL_MIN_NMRCY,_T,2018,85.0,PERCENT,R,C,Pacific Islands Literacy and Numeracy Assessment (PILNA). ,,,PG.csv
SPC:DF_BP50_2(1.0),A,SE_TOT_PRFL,PG,F,_T,_T,_T,1_g3,_T,SKILL_MIN_LTRCY,_T,2018,41.0,PERCENT,R,C,Pacific Islands Literacy and Numeracy Assessment (PILNA). ,,,PG.csv
SPC:DF_BP50_2(1.0),A,SE_TOT_PRFL,PG,_T,_T,_T,_T,1_g5,_T,SKILL_MIN_LTRCY,_T,2015,23.0,PERCENT,R,C,Pacific Islands Literacy and Numeracy Assessment (PILNA). ,,,PG.csv
SPC:DF_BP50_2(1.0),A,SE_TOT_PRFL,PG,_T,_T,_T,_T,1_g5,_T,SKILL_MIN_LTRCY,_T,2018,52.0,PERCENT,R,C,Pacific Islands Literacy and Numeracy Assessment (PILNA). ,,,PG.csv
SPC:DF_BP50_2(1.0),A,SE_TOT_PRFL,PG,_T,_T,_T,_T,1_g5,_T,SKILL_MIN_LTRCY,_T,2021,66.0,PERCENT,R,C,"Pacific Islands Literacy and Numeracy Assessment (PILNA), 2021 Assessment.",,,PG.csv
SPC:DF_BP50_2(1.0),A,SE_TOT_PRFL,PG,_T,_T,_T,_T,1_g5,_T,SKILL_MIN_NMRCY,_T,2015,51.0,PERCENT,R,C,Pacific Islands Literacy and Numeracy Assessment (PILNA). ,,,PG.csv
SPC:DF_BP50_2(1.0),A,SE_TOT_PRFL,PG,_T,_T,_T,_T,1_g5,_T,SKILL_MIN_NMRCY,_T,2018,84.0,PERCENT,R,C,Pacific Islands Literacy and Numeracy Assessment (PILNA). ,,,PG.csv
SPC:DF_BP50_2(1.0),A,SE_TOT_PRFL,PG,_T,_T,_T,_T,1_g5,_T,SKILL_MIN_NMRCY,_T,2021,77.0,PERCENT,R,C,"Pacific Islands Literacy and Numeracy Assessment (PILNA), 2021 Assessment.",,,PG.csv
SPC:DF_BP50_2(1.0),A,SE_TOT_PRFL,PG,F,_T,_T,_T,1_g3,_T,SKILL_MIN_NMRCY,_T,2018,86.0,PERCENT,R,C,Pacific Islands Literacy and Numeracy Assessment (PILNA). ,,,PG.csv
SPC:DF_BP50_2(1.0),A,SE_TOT_PRFL,PG,M,_T,_T,_T,1_g5,_T,SKILL_MIN_LTRCY,_T,2018,45.0,PERCENT,R,C,Pacific Islands Literacy and Numeracy Assessment (PILNA). ,,,PG.csv
SPC:DF_BP50_2(1.0),A,SE_TOT_PRFL,PW,M,_T,_T,_T,1_g7,_T,SKILL_MIN_NMRCY,_T,2015,83.0,PERCENT,R,C,Pacific Islands Literacy and Numeracy Assessment (PILNA). ,,,PW.csv
SPC:DF_BP50_2(1.0),A,SE_TOT_PRFL,PW,M,_T,_T,_T,1_g7,_T,SKILL_MIN_NMRCY,_T,2018,98.0,PERCENT,R,C,Pacific Islands Literacy and Numeracy Assessment (PILNA). ,,,PW.csv
SPC:DF_BP50_2(1.0),A,SE_TOT_PRFL,PW,_T,_T,_T,_T,1_g5,_T,SKILL_MIN_LTRCY,_T,2012,97.0,PERCENT,R,C,Pacific Islands Literacy and Numeracy Assessment (PILNA). ,,,PW.csv
SPC:DF_BP50_2(1.0),A,SE_TOT_PRFL,PW,_T,_T,_T,_T,1_g5,_T,SKILL_MIN_LTRCY,_T,2015,89.0,PERCENT,R,C,Pacific Islands Literacy and Numeracy Assessment (PILNA). ,,,PW.csv
SPC:DF_BP50_2(1.0),A,SE_TOT_PRFL,PW,_T,_T,_T,_T,1_g5,_T,SKILL_MIN_LTRCY,_T,2018,96.0,PERCENT,R,C,Pacific Islands Literacy and Numeracy Assessment (PILNA). ,,,PW.csv
SPC:DF_BP50_2(1.0),A,SE_TOT_PRFL,PW,F,_T,_T,_T,1_g7,_T,SKILL_MIN_LTRCY,_T,2015,100.0,PERCENT,R,C,Pacific Islands Literacy and Numeracy Assessment (PILNA). ,,,PW.csv
SPC:DF_BP50_2(1.0),A,SE_TOT_PRFL,PW,F,_T,_T,_T,1_g7,_T,SKILL_MIN_LTRCY,_T,2018,98.0,PERCENT,R,C,Pacific Islands Literacy and Numeracy Assessment (PILNA). ,,,PW.csv
SPC:DF_BP50_2(1.0),A,SE_TOT_PRFL,PW,_T,_T,_T,_T,1_g5,_T,SKILL_MIN_NMRCY,_T,2012,100.0,PERCENT,R,C,Pacific Islands Literacy and Numeracy Assessment (PILNA). ,,,PW.csv
SPC:DF_BP50_2(1.0),A,SE_TOT_PRFL,PW,_T,_T,_T,_T,1_g5,_T,SKILL_MIN_NMRCY,_T,2015,99.0,PERCENT,R,C,Pacific Islands Literacy and Numeracy Assessment (PILNA). ,,,PW.csv
SPC:DF_BP50_2(1.0),A,SE_TOT_PRFL,PW,_T,_T,_T,_T,1_g5,_T,SKILL_MIN_NMRCY,_T,2018,100.0,PERCENT,R,C,Pacific Islands Literacy and Numeracy Assessment (PILNA). ,,,PW.csv
SPC:DF_BP50_2(1.0),A,SE_TOT_PRFL,PW,M,_T,_T,_T,1_g5,_T,SKILL_MIN_LTRCY,_T,2015,84.0,PERCENT,R,C,Pacific Islands Literacy and Numeracy Assessment (PILNA). ,,,PW.csv
SPC:DF_BP50_2(1.0),A,SE_TOT_PRFL,PW,M,_T,_T,_T,1_g5,_T,SKILL_MIN_LTRCY,_T,2018,92.0,PERCENT,R,C,Pacific Islands Literacy and Numeracy Assessment (PILNA). ,,,PW.csv
SPC:DF_BP50_2(1.0),A,SE_TOT_PRFL,PW,M,_T,_T,_T,1_g5,_T,SKILL_MIN_NMRCY,_T,2015,99.0,PERCENT,R,C,Pacific Islands Literacy and Numeracy Assessment (PILNA). ,,,PW.csv
SPC:DF_BP50_2(1.0),A,SE_TOT_PRFL,PW,M,_T,_T,_T,1_g5,_T,SKILL_MIN_NMRCY,_T,2018,100.0,PERCENT,R,C,Pacific Islands Literacy and Numeracy Assessment (PILNA). ,,,PW.csv
SPC:DF_BP50_2(1.0),A,SE_TOT_PRFL,PW,F,_T,_T,_T,1_g5,_T,SKILL_MIN_LTRCY,_T,2015,96.0,PERCENT,R,C,Pacific Islands Literacy and Numeracy Assessment (PILNA). ,,,PW.csv
SPC:DF_BP50_2(1.0),A,SE_TOT_PRFL,PW,F,_T,_T,_T,1_g5,_T,SKILL_MIN_LTRCY,_T,2018,99.0,PERCENT,R,C,Pacific Islands Literacy and Numeracy Assessment (PILNA). ,,,PW.csv
SPC:DF_BP50_2(1.0),A,SE_TOT_PRFL,PW,_T,_T,_T,_T,1_g7,_T,SKILL_MIN_LTRCY,_T,2012,98.0,PERCENT,R,C,Pacific Islands Literacy and Numeracy Assessment (PILNA). ,,,PW.csv
SPC:DF_BP50_2(1.0),A,SE_TOT_PRFL,PW,_T,_T,_T,_T,1_g7,_T,SKILL_MIN_LTRCY,_T,2015,96.0,PERCENT,R,C,Pacific Islands Literacy and Numeracy Assessment (PILNA). ,,,PW.csv
SPC:DF_BP50_2(1.0),A,SE_TOT_PRFL,PW,_T,_T,_T,_T,1_g7,_T,SKILL_MIN_LTRCY,_T,2018,98.0,PERCENT,R,C,Pacific Islands Literacy and Numeracy Assessment (PILNA). ,,,PW.csv
SPC:DF_BP50_2(1.0),A,SE_TOT_PRFL,PW,_T,_T,_T,_T,1_g7,_T,SKILL_MIN_LTRCY,_T,2021,96.0,PERCENT,R,C,"Pacific Islands Literacy and Numeracy Assessment (PILNA), 2021 Assessment.",,,PW.csv
SPC:DF_BP50_2(1.0),A,SE_TOT_PRFL,PW,_T,_T,_T,_T,1_g7,_T,SKILL_MIN_NMRCY,_T,2012,95.0,PERCENT,R,C,Pacific Islands Literacy and Numeracy Assessment (PILNA). ,,,PW.csv
SPC:DF_BP50_2(1.0),A,SE_TOT_PRFL,PW,_T,_T,_T,_T,1_g7,_T,SKILL_MIN_NMRCY,_T,2015,96.0,PERCENT,R,C,Pacific Islands Literacy and Numeracy Assessment (PILNA). ,,,PW.csv
SPC:DF_BP50_2(1.0),A,SE_TOT_PRFL,PW,_T,_T,_T,_T,1_g7,_T,SKILL_MIN_NMRCY,_T,2018,98.0,PERCENT,R,C,Pacific Islands Literacy and Numeracy Assessment (PILNA). ,,,PW.csv
SPC:DF_BP50_2(1.0),A,SE_TOT_PRFL,PW,_T,_T,_T,_T,1_g7,_T,SKILL_MIN_NMRCY,_T,2021,96.0,PERCENT,R,C,"Pacific Islands Literacy and Numeracy Assessment (PILNA), 2021 Assessment.",,,PW.csv
SPC:DF_BP50_2(1.0),A,SE_TOT_PRFL,PW,F,_T,_T,_T,1_g7,_T,SKILL_MIN_NMRCY,_T,2015,99.0,PERCENT,R,C,Pacific Islands Literacy and Numeracy Assessment (PILNA). ,,,PW.csv
SPC:DF_BP50_2(1.0),A,SE_TOT_PRFL,PW,F,_T,_T,_T,1_g7,_T,SKILL_MIN_NMRCY,_T,2018,100.0,PERCENT,R,C,Pacific Islands Literacy and Numeracy Assessment (PILNA). ,,,PW.csv
SPC:DF_BP50_2(1.0),A,SE_TOT_PRFL,PW,M,_T,_T,_T,1_g7,_T,SKILL_MIN_LTRCY,_T,2015,94.0,PERCENT,R,C,Pacific Islands Literacy and Numeracy Assessment (PILNA). ,,,PW.csv
SPC:DF_BP50_2(1.0),A,SE_TOT_PRFL,PW,M,_T,_T,_T,1_g7,_T,SKILL_MIN_LTRCY,_T,2018,98.0,PERCENT,R,C,Pacific Islands Literacy and Numeracy Assessment (PILNA). ,,,PW.csv
SPC:DF_BP50_2(1.0),A,SE_TOT_PRFL,PW,F,_T,_T,_T,1_g5,_T,SKILL_MIN_NMRCY,_T,2015,100.0,PERCENT,R,C,Pacific Islands Literacy and Numeracy Assessment (PILNA). ,,,PW.csv
SPC:DF_BP50_2(1.0),A,SE_TOT_PRFL,PW,F,_T,_T,_T,1_g5,_T,SKILL_MIN_NMRCY,_T,2018,100.0,PERCENT,R,C,Pacific Islands Literacy and Numeracy Assessment (PILNA). ,,,PW.csv
SPC:DF_BP50_2(1.0),A,SE_TOT_PRFL,FM,_T,_T,_T,_T,1_g7,_T,SKILL_MIN_LTRCY,_T,2012,41.0,PERCENT,R,C,Pacific Islands Literacy and Numeracy Assessment (PILNA). ,,,FM.csv
SPC:DF_BP50_2(1.0),A,SE_TOT_PRFL,FM,_T,_T,_T,_T,1_g7,_T,SKILL_MIN_LTRCY,_T,2015,47.0,PERCENT,R,C,Pacific Islands Literacy and Numeracy Assessment (PILNA). ,,,FM.csv
SPC:DF_BP50_2(1.0),A,SE_TOT_PRFL,FM,_T,_T,_T,_T,1_g7,_T,SKILL_MIN_LTRCY,_T,2018,71.0,PERCENT,R,C,Pacific Islands Literacy and Numeracy Assessment (PILNA). ,,,FM.csv
SPC:DF_BP50_2(1.0),A,SE_TOT_PRFL,FM,_T,_T,_T,_T,1_g7,_T,SKILL_MIN_LTRCY,_T,2021,48.0,PERCENT,R,C,"Pacific Islands Literacy and Numeracy Assessment (PILNA), 2021 Assessment.",,,FM.csv
SPC:DF_BP50_2(1.0),A,SE_TOT_PRFL,FM,_T,_T,_T,_T,1_g7,_T,SKILL_MIN_NMRCY,_T,2012,57.0,PERCENT,R,C,Pacific Islands Literacy and Numeracy Assessment (PILNA). ,,,FM.csv
SPC:DF_BP50_2(1.0),A,SE_TOT_PRFL,FM,_T,_T,_T,_T,1_g7,_T,SKILL_MIN_NMRCY,_T,2015,71.0,PERCENT,R,C,Pacific Islands Literacy and Numeracy Assessment (PILNA). ,,,FM.csv
SPC:DF_BP50_2(1.0),A,SE_TOT_PRFL,FM,_T,_T,_T,_T,1_g7,_T,SKILL_MIN_NMRCY,_T,2018,85.0,PERCENT,R,C,Pacific Islands Literacy and Numeracy Assessment (PILNA). ,,,FM.csv
SPC:DF_BP50_2(1.0),A,SE_TOT_PRFL,FM,_T,_T,_T,_T,1_g7,_T,SKILL_MIN_NMRCY,_T,2021,56.0,PERCENT,R,C,"Pacific Islands Literacy and Numeracy Assessment (PILNA), 2021 Assessment.",,,FM.csv
SPC:DF_BP50_2(1.0),A,SE_TOT_PRFL,FM,F,_T,_T,_T,1_g5,_T,SKILL_MIN_LTRCY,_T,2015,35.0,PERCENT,R,C,Pacific Islands Literacy and Numeracy Assessment (PILNA). ,,,FM.csv
SPC:DF_BP50_2(1.0),A,SE_TOT_PRFL,FM,F,_T,_T,_T,1_g5,_T,SKILL_MIN_LTRCY,_T,2018,61.0,PERCENT,R,C,Pacific Islands Literacy and Numeracy Assessment (PILNA). ,,,FM.csv
SPC:DF_BP50_2(1.0),A,SE_TOT_PRFL,FM,F,_T,_T,_T,1_g7,_T,SKILL_MIN_LTRCY,_T,2015,50.0,PERCENT,R,C,Pacific Islands Literacy and Numeracy Assessment (PILNA). ,,,FM.csv
SPC:DF_BP50_2(1.0),A,SE_TOT_PRFL,FM,F,_T,_T,_T,1_g7,_T,SKILL_MIN_LTRCY,_T,2018,75.0,PERCENT,R,C,Pacific Islands Literacy and Numeracy Assessment (PILNA). ,,,FM.csv
SPC:DF_BP50_2(1.0),A,SE_TOT_PRFL,FM,M,_T,_T,_T,1_g7,_T,SKILL_MIN_NMRCY,_T,2015,70.0,PERCENT,R,C,Pacific Islands Literacy and Numeracy Assessment (PILNA). ,,,FM.csv
SPC:DF_BP50_2(1.0),A,SE_TOT_PRFL,FM,M,_T,_T,_T,1_g7,_T,SKILL_MIN_NMRCY,_T,2018,85.0,PERCENT,R,C,Pacific Islands Literacy and Numeracy Assessment (PILNA). ,,,FM.csv
SPC:DF_BP50_2(1.0),A,SE_TOT_PRFL,FM,M,_T,_T,_T,1_g5,_T,SKILL_MIN_LTRCY,_T,2015,24.0,PERCENT,R,C,Pacific Islands Literacy and Numeracy Assessment (PILNA). ,,,FM.csv
SPC:DF_BP50_2(1.0),A,SE_TOT_PRFL,FM,M,_T,_T,_T,1_g5,_T,SKILL_MIN_LTRCY,_T,2018,47.0,PERCENT,R,C,Pacific Islands Literacy and Numeracy Assessment (PILNA). ,,,FM.csv
SPC:DF_BP50_2(1.0),A,SE_TOT_PRFL,FM,M,_T,_T,_T,1_g5,_T,SKILL_MIN_NMRCY,_T,2015,80.0,PERCENT,R,C,Pacific Islands Literacy and Numeracy Assessment (PILNA). ,,,FM.csv
SPC:DF_BP50_2(1.0),A,SE_TOT_PRFL,FM,M,_T,_T,_T,1_g5,_T,SKILL_MIN_NMRCY,_T,2018,87.0,PERCENT,R,C,Pacific Islands Literacy and Numeracy Assessment (PILNA). ,,,FM.csv
SPC:DF_BP50_2(1.0),A,SE_TOT_PRFL,FM,F,_T,_T,_T,1_g7,_T,SKILL_MIN_NMRCY,_T,2015,72.0,PERCENT,R,C,Pacific Islands Literacy and Numeracy Assessment (PILNA). ,,,FM.csv
SPC:DF_BP50_2(1.0),A,SE_TOT_PRFL,FM,F,_T,_T,_T,1_g7,_T,SKILL_MIN_NMRCY,_T,2018,87.0,PERCENT,R,C,Pacific Islands Literacy and Numeracy Assessment (PILNA). ,,,FM.csv
SPC:DF_BP50_2(1.0),A,SE_TOT_PRFL,FM,_T,_T,_T,_T,1_g5,_T,SKILL_MIN_NMRCY,_T,2012,80.0,PERCENT,R,C,Pacific Islands Literacy and Numeracy Assessment (PILNA). ,,,FM.csv
SPC:DF_BP50_2(1.0),A,SE_TOT_PRFL,FM,_T,_T,_T,_T,1_g5,_T,SKILL_MIN_NMRCY,_T,2015,84.0,PERCENT,R,C,Pacific Islands Literacy and Numeracy Assessment (PILNA). ,,,FM.csv
SPC:DF_BP50_2(1.0),A,SE_TOT_PRFL,FM,_T,_T,_T,_T,1_g5,_T,SKILL_MIN_NMRCY,_T,2018,90.0,PERCENT,R,C,Pacific Islands Literacy and Numeracy Assessment (PILNA). ,,,FM.csv
SPC:DF_BP50_2(1.0),A,SE_TOT_PRFL,FM,F,_T,_T,_T,1_g5,_T,SKILL_MIN_NMRCY,_T,2015,86.0,PERCENT,R,C,Pacific Islands Literacy and Numeracy Assessment (PILNA). ,,,FM.csv
SPC:DF_BP50_2(1.0),A,SE_TOT_PRFL,FM,F,_T,_T,_T,1_g5,_T,SKILL_MIN_NMRCY,_T,2018,92.0,PERCENT,R,C,Pacific Islands Literacy and Numeracy Assessment (PILNA). ,,,FM.csv
SPC:DF_BP50_2(1.0),A,SE_TOT_PRFL,FM,_T,_T,_T,_T,1_g5,_T,SKILL_MIN_LTRCY,_T,2012,44.0,PERCENT,R,C,Pacific Islands Literacy and Numeracy Assessment (PILNA). ,,,FM.csv
SPC:DF_BP50_2(1.0),A,SE_TOT_PRFL,FM,_T,_T,_T,_T,1_g5,_T,SKILL_MIN_LTRCY,_T,2015,30.0,PERCENT,R,C,Pacific Islands Literacy and Numeracy Assessment (PILNA). ,,,FM.csv
SPC:DF_BP50_2(1.0),A,SE_TOT_PRFL,FM,_T,_T,_T,_T,1_g5,_T,SKILL_MIN_LTRCY,_T,2018,53.0,PERCENT,R,C,Pacific Islands Literacy and Numeracy Assessment (PILNA). ,,,FM.csv
SPC:DF_BP50_2(1.0),A,SE_TOT_PRFL,FM,M,_T,_T,_T,1_g7,_T,SKILL_MIN_LTRCY,_T,2015,43.0,PERCENT,R,C,Pacific Islands Literacy and Numeracy Assessment (PILNA). ,,,FM.csv
SPC:DF_BP50_2(1.0),A,SE_TOT_PRFL,FM,M,_T,_T,_T,1_g7,_T,SKILL_MIN_LTRCY,_T,2018,66.0,PERCENT,R,C,Pacific Islands Literacy and Numeracy Assessment (PILNA). ,,,FM.csv
SPC:DF_BP50_2(1.0),A,SE_TOT_PRFL,KI,_T,_T,_T,_T,1_y6,_T,SKILL_MIN_NMRCY,_T,2012,43.0,PERCENT,R,C,Pacific Islands Literacy and Numeracy Assessment (PILNA). ,,,KI.csv
SPC:DF_BP50_2(1.0),A,SE_TOT_PRFL,KI,_T,_T,_T,_T,1_y6,_T,SKILL_MIN_NMRCY,_T,2015,72.0,PERCENT,R,C,Pacific Islands Literacy and Numeracy Assessment (PILNA). ,,,KI.csv
SPC:DF_BP50_2(1.0),A,SE_TOT_PRFL,KI,_T,_T,_T,_T,1_y6,_T,SKILL_MIN_NMRCY,_T,2018,84.0,PERCENT,R,C,Pacific Islands Literacy and Numeracy Assessment (PILNA). ,,,KI.csv
SPC:DF_BP50_2(1.0),A,SE_TOT_PRFL,KI,_T,_T,_T,_T,1_y6,_T,SKILL_MIN_NMRCY,_T,2021,71.0,PERCENT,R,C,"Pacific Islands Literacy and Numeracy Assessment (PILNA), 2021 Assessment.",,,KI.csv
SPC:DF_BP50_2(1.0),A,SE_TOT_PRFL,KI,_T,_T,_T,_T,1_y4,_T,SKILL_MIN_NMRCY,_T,2012,66.0,PERCENT,R,C,Pacific Islands Literacy and Numeracy Assessment (PILNA). ,,,KI.csv
SPC:DF_BP50_2(1.0),A,SE_TOT_PRFL,KI,_T,_T,_T,_T,1_y4,_T,SKILL_MIN_NMRCY,_T,2015,93.0,PERCENT,R,C,Pacific Islands Literacy and Numeracy Assessment (PILNA). ,,,KI.csv
SPC:DF_BP50_2(1.0),A,SE_TOT_PRFL,KI,_T,_T,_T,_T,1_y4,_T,SKILL_MIN_NMRCY,_T,2018,92.0,PERCENT,R,C,Pacific Islands Literacy and Numeracy Assessment (PILNA). ,,,KI.csv
SPC:DF_BP50_2(1.0),A,SE_TOT_PRFL,KI,_T,_T,_T,_T,1_y4,_T,SKILL_MIN_LTRCY,_T,2012,39.0,PERCENT,R,C,Pacific Islands Literacy and Numeracy Assessment (PILNA). ,,,KI.csv
SPC:DF_BP50_2(1.0),A,SE_TOT_PRFL,KI,_T,_T,_T,_T,1_y4,_T,SKILL_MIN_LTRCY,_T,2015,73.0,PERCENT,R,C,Pacific Islands Literacy and Numeracy Assessment (PILNA). ,,,KI.csv
SPC:DF_BP50_2(1.0),A,SE_TOT_PRFL,KI,_T,_T,_T,_T,1_y4,_T,SKILL_MIN_LTRCY,_T,2018,78.0,PERCENT,R,C,Pacific Islands Literacy and Numeracy Assessment (PILNA). ,,,KI.csv
SPC:DF_BP50_2(1.0),A,SE_TOT_PRFL,KI,_T,_T,_T,_T,1_y6,_T,SKILL_MIN_LTRCY,_T,2012,40.0,PERCENT,R,C,Pacific Islands Literacy and Numeracy Assessment (PILNA). ,,,KI.csv
SPC:DF_BP50_2(1.0),A,SE_TOT_PRFL,KI,_T,_T,_T,_T,1_y6,_T,SKILL_MIN_LTRCY,_T,2015,56.0,PERCENT,R,C,Pacific Islands Literacy and Numeracy Assessment (PILNA). ,,,KI.csv
SPC:DF_BP50_2(1.0),A,SE_TOT_PRFL,KI,_T,_T,_T,_T,1_y6,_T,SKILL_MIN_LTRCY,_T,2018,53.0,PERCENT,R,C,Pacific Islands Literacy and Numeracy Assessment (PILNA). ,,,KI.csv
SPC:DF_BP50_2(1.0),A,SE_TOT_PRFL,KI,_T,_T,_T,_T,1_y6,_T,SKILL_MIN_LTRCY,_T,2021,26.0,PERCENT,R,C,"Pacific Islands Literacy and Numeracy Assessment (PILNA), 2021 Assessment.",,,KI.csv
SPC:DF_BP50_2(1.0),A,SE_TOT_PRFL,KI,F,_T,_T,_T,1_y6,_T,SKILL_MIN_LTRCY,_T,2015,65.0,PERCENT,R,C,Pacific Islands Literacy and Numeracy Assessment (PILNA). ,,,KI.csv
SPC:DF_BP50_2(1.0),A,SE_TOT_PRFL,KI,F,_T,_T,_T,1_y6,_T,SKILL_MIN_LTRCY,_T,2018,63.0,PERCENT,R,C,Pacific Islands Literacy and Numeracy Assessment (PILNA). ,,,KI.csv
SPC:DF_BP50_2(1.0),A,SE_TOT_PRFL,KI,M,_T,_T,_T,1_y6,_T,SKILL_MIN_NMRCY,_T,2015,64.0,PERCENT,R,C,Pacific Islands Literacy and Numeracy Assessment (PILNA). ,,,KI.csv
SPC:DF_BP50_2(1.0),A,SE_TOT_PRFL,KI,M,_T,_T,_T,1_y6,_T,SKILL_MIN_NMRCY,_T,2018,78.0,PERCENT,R,C,Pacific Islands Literacy and Numeracy Assessment (PILNA). ,,,KI.csv
SPC:DF_BP50_2(1.0),A,SE_TOT_PRFL,KI,M,_T,_T,_T,1_y4,_T,SKILL_MIN_NMRCY,_T,2015,91.0,PERCENT,R,C,Pacific Islands Literacy and Numeracy Assessment (PILNA). ,,,KI.csv
SPC:DF_BP50_2(1.0),A,SE_TOT_PRFL,KI,M,_T,_T,_T,1_y4,_T,SKILL_MIN_NMRCY,_T,2018,89.0,PERCENT,R,C,Pacific Islands Literacy and Numeracy Assessment (PILNA). ,,,KI.csv
SPC:DF_BP50_2(1.0),A,SE_TOT_PRFL,KI,F,_T,_T,_T,1_y4,_T,SKILL_MIN_LTRCY,_T,2015,81.0,PERCENT,R,C,Pacific Islands Literacy and Numeracy Assessment (PILNA). ,,,KI.csv
SPC:DF_BP50_2(1.0),A,SE_TOT_PRFL,KI,F,_T,_T,_T,1_y4,_T,SKILL_MIN_LTRCY,_T,2018,87.0,PERCENT,R,C,Pacific Islands Literacy and Numeracy Assessment (PILNA). ,,,KI.csv
SPC:DF_BP50_2(1.0),A,SE_TOT_PRFL,KI,F,_T,_T,_T,1_y6,_T,SKILL_MIN_NMRCY,_T,2015,78.0,PERCENT,R,C,Pacific Islands Literacy and Numeracy Assessment (PILNA). ,,,KI.csv
SPC:DF_BP50_2(1.0),A,SE_TOT_PRFL,KI,F,_T,_T,_T,1_y6,_T,SKILL_MIN_NMRCY,_T,2018,88.0,PERCENT,R,C,Pacific Islands Literacy and Numeracy Assessment (PILNA). ,,,KI.csv
SPC:DF_BP50_2(1.0),A,SE_TOT_PRFL,KI,M,_T,_T,_T,1_y4,_T,SKILL_MIN_LTRCY,_T,2015,66.0,PERCENT,R,C,Pacific Islands Literacy and Numeracy Assessment (PILNA). ,,,KI.csv
SPC:DF_BP50_2(1.0),A,SE_TOT_PRFL,KI,M,_T,_T,_T,1_y4,_T,SKILL_MIN_LTRCY,_T,2018,69.0,PERCENT,R,C,Pacific Islands Literacy and Numeracy Assessment (PILNA). ,,,KI.csv
SPC:DF_BP50_2(1.0),A,SE_TOT_PRFL,KI,F,_T,_T,_T,1_y4,_T,SKILL_MIN_NMRCY,_T,2015,94.0,PERCENT,R,C,Pacific Islands Literacy and Numeracy Assessment (PILNA). ,,,KI.csv
SPC:DF_BP50_2(1.0),A,SE_TOT_PRFL,KI,F,_T,_T,_T,1_y4,_T,SKILL_MIN_NMRCY,_T,2018,95.0,PERCENT,R,C,Pacific Islands Literacy and Numeracy Assessment (PILNA). ,,,KI.csv
SPC:DF_BP50_2(1.0),A,SE_TOT_PRFL,KI,M,_T,_T,_T,1_y6,_T,SKILL_MIN_LTRCY,_T,2015,46.0,PERCENT,R,C,Pacific Islands Literacy and Numeracy Assessment (PILNA). ,,,KI.csv
SPC:DF_BP50_2(1.0),A,SE_TOT_PRFL,KI,M,_T,_T,_T,1_y6,_T,SKILL_MIN_LTRCY,_T,2018,41.0,PERCENT,R,C,Pacific Islands Literacy and Numeracy Assessment (PILNA). ,,,KI.csv
SPC:DF_BP50_2(1.0),A,SE_TOT_PRFL,SB,M,_T,_T,_T,1_y6,_T,SKILL_MIN_LTRCY,_T,2015,61.0,PERCENT,R,C,Pacific Islands Literacy and Numeracy Assessment (PILNA). ,,,SB.csv
SPC:DF_BP50_2(1.0),A,SE_TOT_PRFL,SB,M,_T,_T,_T,1_y6,_T,SKILL_MIN_LTRCY,_T,2018,66.0,PERCENT,R,C,Pacific Islands Literacy and Numeracy Assessment (PILNA). ,,,SB.csv
SPC:DF_BP50_2(1.0),A,SE_TOT_PRFL,SB,M,_T,_T,_T,1_y6,_T,SKILL_MIN_NMRCY,_T,2015,93.0,PERCENT,R,C,Pacific Islands Literacy and Numeracy Assessment (PILNA). ,,,SB.csv
SPC:DF_BP50_2(1.0),A,SE_TOT_PRFL,SB,M,_T,_T,_T,1_y6,_T,SKILL_MIN_NMRCY,_T,2018,96.0,PERCENT,R,C,Pacific Islands Literacy and Numeracy Assessment (PILNA). ,,,SB.csv
SPC:DF_BP50_2(1.0),A,SE_TOT_PRFL,SB,_T,_T,_T,_T,1_y4,_T,SKILL_MIN_LTRCY,_T,2012,50.0,PERCENT,R,C,Pacific Islands Literacy and Numeracy Assessment (PILNA). ,,,SB.csv
SPC:DF_BP50_2(1.0),A,SE_TOT_PRFL,SB,_T,_T,_T,_T,1_y4,_T,SKILL_MIN_LTRCY,_T,2015,50.0,PERCENT,R,C,Pacific Islands Literacy and Numeracy Assessment (PILNA). ,,,SB.csv
SPC:DF_BP50_2(1.0),A,SE_TOT_PRFL,SB,_T,_T,_T,_T,1_y4,_T,SKILL_MIN_LTRCY,_T,2018,54.0,PERCENT,R,C,Pacific Islands Literacy and Numeracy Assessment (PILNA). ,,,SB.csv
SPC:DF_BP50_2(1.0),A,SE_TOT_PRFL,SB,F,_T,_T,_T,1_y6,_T,SKILL_MIN_LTRCY,_T,2015,71.0,PERCENT,R,C,Pacific Islands Literacy and Numeracy Assessment (PILNA). ,,,SB.csv
SPC:DF_BP50_2(1.0),A,SE_TOT_PRFL,SB,F,_T,_T,_T,1_y6,_T,SKILL_MIN_LTRCY,_T,2018,73.0,PERCENT,R,C,Pacific Islands Literacy and Numeracy Assessment (PILNA). ,,,SB.csv
SPC:DF_BP50_2(1.0),A,SE_TOT_PRFL,SB,_T,_T,_T,_T,1_y6,_T,SKILL_MIN_LTRCY,_T,2012,67.0,PERCENT,R,C,Pacific Islands Literacy and Numeracy Assessment (PILNA). ,,,SB.csv
SPC:DF_BP50_2(1.0),A,SE_TOT_PRFL,SB,_T,_T,_T,_T,1_y6,_T,SKILL_MIN_LTRCY,_T,2015,66.0,PERCENT,R,C,Pacific Islands Literacy and Numeracy Assessment (PILNA). ,,,SB.csv
SPC:DF_BP50_2(1.0),A,SE_TOT_PRFL,SB,_T,_T,_T,_T,1_y6,_T,SKILL_MIN_LTRCY,_T,2018,70.0,PERCENT,R,C,Pacific Islands Literacy and Numeracy Assessment (PILNA). ,,,SB.csv
SPC:DF_BP50_2(1.0),A,SE_TOT_PRFL,SB,_T,_T,_T,_T,1_y6,_T,SKILL_MIN_LTRCY,_T,2021,70.0,PERCENT,R,C,"Pacific Islands Literacy and Numeracy Assessment (PILNA), 2021 Assessment.",,,SB.csv
SPC:DF_BP50_2(1.0),A,SE_TOT_PRFL,SB,M,_T,_T,_T,1_y4,_T,SKILL_MIN_NMRCY,_T,2015,98.0,PERCENT,R,C,Pacific Islands Literacy and Numeracy Assessment (PILNA). ,,,SB.csv
SPC:DF_BP50_2(1.0),A,SE_TOT_PRFL,SB,M,_T,_T,_T,1_y4,_T,SKILL_MIN_NMRCY,_T,2018,97.0,PERCENT,R,C,Pacific Islands Literacy and Numeracy Assessment (PILNA). ,,,SB.csv
SPC:DF_BP50_2(1.0),A,SE_TOT_PRFL,SB,F,_T,_T,_T,1_y4,_T,SKILL_MIN_NMRCY,_T,2015,96.0,PERCENT,R,C,Pacific Islands Literacy and Numeracy Assessment (PILNA). ,,,SB.csv
SPC:DF_BP50_2(1.0),A,SE_TOT_PRFL,SB,F,_T,_T,_T,1_y4,_T,SKILL_MIN_NMRCY,_T,2018,97.0,PERCENT,R,C,Pacific Islands Literacy and Numeracy Assessment (PILNA). ,,,SB.csv
SPC:DF_BP50_2(1.0),A,SE_TOT_PRFL,SB,F,_T,_T,_T,1_y4,_T,SKILL_MIN_LTRCY,_T,2015,55.0,PERCENT,R,C,Pacific Islands Literacy and Numeracy Assessment (PILNA). ,,,SB.csv
SPC:DF_BP50_2(1.0),A,SE_TOT_PRFL,SB,F,_T,_T,_T,1_y4,_T,SKILL_MIN_LTRCY,_T,2018,60.0,PERCENT,R,C,Pacific Islands Literacy and Numeracy Assessment (PILNA). ,,,SB.csv
SPC:DF_BP50_2(1.0),A,SE_TOT_PRFL,SB,F,_T,_T,_T,1_y6,_T,SKILL_MIN_NMRCY,_T,2015,93.0,PERCENT,R,C,Pacific Islands Literacy and Numeracy Assessment (PILNA). ,,,SB.csv
SPC:DF_BP50_2(1.0),A,SE_TOT_PRFL,SB,F,_T,_T,_T,1_y6,_T,SKILL_MIN_NMRCY,_T,2018,96.0,PERCENT,R,C,Pacific Islands Literacy and Numeracy Assessment (PILNA). ,,,SB.csv
SPC:DF_BP50_2(1.0),A,SE_TOT_PRFL,SB,_T,_T,_T,_T,1_y4,_T,SKILL_MIN_NMRCY,_T,2012,92.0,PERCENT,R,C,Pacific Islands Literacy and Numeracy Assessment (PILNA). ,,,SB.csv
SPC:DF_BP50_2(1.0),A,SE_TOT_PRFL,SB,_T,_T,_T,_T,1_y4,_T,SKILL_MIN_NMRCY,_T,2015,97.0,PERCENT,R,C,Pacific Islands Literacy and Numeracy Assessment (PILNA). ,,,SB.csv
SPC:DF_BP50_2(1.0),A,SE_TOT_PRFL,SB,_T,_T,_T,_T,1_y4,_T,SKILL_MIN_NMRCY,_T,2018,97.0,PERCENT,R,C,Pacific Islands Literacy and Numeracy Assessment (PILNA). ,,,SB.csv
SPC:DF_BP50_2(1.0),A,SE_TOT_PRFL,SB,_T,_T,_T,_T,1_y6,_T,SKILL_MIN_NMRCY,_T,2012,82.0,PERCENT,R,C,Pacific Islands Literacy and Numeracy Assessment (PILNA). ,,,SB.csv
SPC:DF_BP50_2(1.0),A,SE_TOT_PRFL,SB,_T,_T,_T,_T,1_y6,_T,SKILL_MIN_NMRCY,_T,2015,93.0,PERCENT,R,C,Pacific Islands Literacy and Numeracy Assessment (PILNA). ,,,SB.csv
SPC:DF_BP50_2(1.0),A,SE_TOT_PRFL,SB,_T,_T,_T,_T,1_y6,_T,SKILL_MIN_NMRCY,_T,2018,96.0,PERCENT,R,C,Pacific Islands Literacy and Numeracy Assessment (PILNA). ,,,SB.csv
SPC:DF_BP50_2(1.0),A,SE_TOT_PRFL,SB,_T,_T,_T,_T,1_y6,_T,SKILL_MIN_NMRCY,_T,2021,94.0,PERCENT,R,C,"Pacific Islands Literacy and Numeracy Assessment (PILNA), 2021 Assessment.",,,SB.csv
SPC:DF_BP50_2(1.0),A,SE_TOT_PRFL,SB,M,_T,_T,_T,1_y4,_T,SKILL_MIN_LTRCY,_T,2015,46.0,PERCENT,R,C,Pacific Islands Literacy and Numeracy Assessment (PILNA). ,,,SB.csv
SPC:DF_BP50_2(1.0),A,SE_TOT_PRFL,SB,M,_T,_T,_T,1_y4,_T,SKILL_MIN_LTRCY,_T,2018,49.0,PERCENT,R,C,Pacific Islands Literacy and Numeracy Assessment (PILNA). ,,,SB.csv
SPC:DF_BP50_2(1.0),A,SE_TOT_PRFL,CK,_T,_T,_T,_T,1_y6,_T,SKILL_MIN_LTRCY,_T,2012,79.0,PERCENT,R,C,Pacific Islands Literacy and Numeracy Assessment (PILNA). ,,,CK.csv
SPC:DF_BP50_2(1.0),A,SE_TOT_PRFL,CK,_T,_T,_T,_T,1_y6,_T,SKILL_MIN_LTRCY,_T,2015,68.0,PERCENT,R,C,Pacific Islands Literacy and Numeracy Assessment (PILNA). ,,,CK.csv
SPC:DF_BP50_2(1.0),A,SE_TOT_PRFL,CK,_T,_T,_T,_T,1_y6,_T,SKILL_MIN_LTRCY,_T,2018,78.0,PERCENT,R,C,Pacific Islands Literacy and Numeracy Assessment (PILNA). ,,,CK.csv
SPC:DF_BP50_2(1.0),A,SE_TOT_PRFL,CK,_T,_T,_T,_T,1_y6,_T,SKILL_MIN_LTRCY,_T,2021,82.0,PERCENT,R,C,"Pacific Islands Literacy and Numeracy Assessment (PILNA), 2021 Assessment.",,,CK.csv
SPC:DF_BP50_2(1.0),A,SE_TOT_PRFL,CK,_T,_T,_T,_T,1_y6,_T,SKILL_MIN_NMRCY,_T,2012,42.0,PERCENT,R,C,Pacific Islands Literacy and Numeracy Assessment (PILNA). ,,,CK.csv
SPC:DF_BP50_2(1.0),A,SE_TOT_PRFL,CK,_T,_T,_T,_T,1_y6,_T,SKILL_MIN_NMRCY,_T,2015,46.0,PERCENT,R,C,Pacific Islands Literacy and Numeracy Assessment (PILNA). ,,,CK.csv
SPC:DF_BP50_2(1.0),A,SE_TOT_PRFL,CK,_T,_T,_T,_T,1_y6,_T,SKILL_MIN_NMRCY,_T,2018,72.0,PERCENT,R,C,Pacific Islands Literacy and Numeracy Assessment (PILNA). ,,,CK.csv
SPC:DF_BP50_2(1.0),A,SE_TOT_PRFL,CK,_T,_T,_T,_T,1_y6,_T,SKILL_MIN_NMRCY,_T,2021,76.0,PERCENT,R,C,"Pacific Islands Literacy and Numeracy Assessment (PILNA), 2021 Assessment.",,,CK.csv
SPC:DF_BP50_2(1.0),A,SE_TOT_PRFL,CK,F,_T,_T,_T,1_y4,_T,SKILL_MIN_NMRCY,_T,2015,77.0,PERCENT,R,C,Pacific Islands Literacy and Numeracy Assessment (PILNA). ,,,CK.csv
SPC:DF_BP50_2(1.0),A,SE_TOT_PRFL,CK,F,_T,_T,_T,1_y4,_T,SKILL_MIN_NMRCY,_T,2018,72.0,PERCENT,R,C,Pacific Islands Literacy and Numeracy Assessment (PILNA). ,,,CK.csv
SPC:DF_BP50_2(1.0),A,SE_TOT_PRFL,CK,M,_T,_T,_T,1_y6,_T,SKILL_MIN_LTRCY,_T,2015,56.7,PERCENT,R,C,Pacific Islands Literacy and Numeracy Assessment (PILNA). ,,,CK.csv
SPC:DF_BP50_2(1.0),A,SE_TOT_PRFL,CK,M,_T,_T,_T,1_y6,_T,SKILL_MIN_LTRCY,_T,2018,71.0,PERCENT,R,C,Pacific Islands Literacy and Numeracy Assessment (PILNA). ,,,CK.csv
SPC:DF_BP50_2(1.0),A,SE_TOT_PRFL,CK,_T,_T,_T,_T,1_y4,_T,SKILL_MIN_LTRCY,_T,2012,76.0,PERCENT,R,C,Pacific Islands Literacy and Numeracy Assessment (PILNA). ,,,CK.csv
SPC:DF_BP50_2(1.0),A,SE_TOT_PRFL,CK,_T,_T,_T,_T,1_y4,_T,SKILL_MIN_LTRCY,_T,2015,60.0,PERCENT,R,C,Pacific Islands Literacy and Numeracy Assessment (PILNA). ,,,CK.csv
SPC:DF_BP50_2(1.0),A,SE_TOT_PRFL,CK,_T,_T,_T,_T,1_y4,_T,SKILL_MIN_LTRCY,_T,2018,57.0,PERCENT,R,C,Pacific Islands Literacy and Numeracy Assessment (PILNA). ,,,CK.csv
SPC:DF_BP50_2(1.0),A,SE_TOT_PRFL,CK,F,_T,_T,_T,1_y6,_T,SKILL_MIN_NMRCY,_T,2015,54.0,PERCENT,R,C,Pacific Islands Literacy and Numeracy Assessment (PILNA). ,,,CK.csv
SPC:DF_BP50_2(1.0),A,SE_TOT_PRFL,CK,F,_T,_T,_T,1_y6,_T,SKILL_MIN_NMRCY,_T,2018,75.0,PERCENT,R,C,Pacific Islands Literacy and Numeracy Assessment (PILNA). ,,,CK.csv
SPC:DF_BP50_2(1.0),A,SE_TOT_PRFL,CK,_T,_T,_T,_T,1_y4,_T,SKILL_MIN_NMRCY,_T,2012,78.0,PERCENT,R,C,Pacific Islands Literacy and Numeracy Assessment (PILNA). ,,,CK.csv
SPC:DF_BP50_2(1.0),A,SE_TOT_PRFL,CK,_T,_T,_T,_T,1_y4,_T,SKILL_MIN_NMRCY,_T,2015,76.0,PERCENT,R,C,Pacific Islands Literacy and Numeracy Assessment (PILNA). ,,,CK.csv
SPC:DF_BP50_2(1.0),A,SE_TOT_PRFL,CK,_T,_T,_T,_T,1_y4,_T,SKILL_MIN_NMRCY,_T,2018,69.0,PERCENT,R,C,Pacific Islands Literacy and Numeracy Assessment (PILNA). ,,,CK.csv
SPC:DF_BP50_2(1.0),A,SE_TOT_PRFL,CK,M,_T,_T,_T,1_y4,_T,SKILL_MIN_NMRCY,_T,2015,75.0,PERCENT,R,C,Pacific Islands Literacy and Numeracy Assessment (PILNA). ,,,CK.csv
SPC:DF_BP50_2(1.0),A,SE_TOT_PRFL,CK,M,_T,_T,_T,1_y4,_T,SKILL_MIN_NMRCY,_T,2018,66.0,PERCENT,R,C,Pacific Islands Literacy and Numeracy Assessment (PILNA). ,,,CK.csv
SPC:DF_BP50_2(1.0),A,SE_TOT_PRFL,CK,M,_T,_T,_T,1_y4,_T,SKILL_MIN_LTRCY,_T,2015,56.0,PERCENT,R,C,Pacific Islands Literacy and Numeracy Assessment (PILNA). ,,,CK.csv
SPC:DF_BP50_2(1.0),A,SE_TOT_PRFL,CK,M,_T,_T,_T,1_y4,_T,SKILL_MIN_LTRCY,_T,2018,50.0,PERCENT,R,C,Pacific Islands Literacy and Numeracy Assessment (PILNA). ,,,CK.csv
SPC:DF_BP50_2(1.0),A,SE_TOT_PRFL,CK,M,_T,_T,_T,1_y6,_T,SKILL_MIN_NMRCY,_T,2015,38.0,PERCENT,R,C,Pacific Islands Literacy and Numeracy Assessment (PILNA). ,,,CK.csv
SPC:DF_BP50_2(1.0),A,SE_TOT_PRFL,CK,M,_T,_T,_T,1_y6,_T,SKILL_MIN_NMRCY,_T,2018,68.0,PERCENT,R,C,Pacific Islands Literacy and Numeracy Assessment (PILNA). ,,,CK.csv
SPC:DF_BP50_2(1.0),A,SE_TOT_PRFL,CK,F,_T,_T,_T,1_y4,_T,SKILL_MIN_LTRCY,_T,2015,64.0,PERCENT,R,C,Pacific Islands Literacy and Numeracy Assessment (PILNA). ,,,CK.csv
SPC:DF_BP50_2(1.0),A,SE_TOT_PRFL,CK,F,_T,_T,_T,1_y4,_T,SKILL_MIN_LTRCY,_T,2018,63.0,PERCENT,R,C,Pacific Islands Literacy and Numeracy Assessment (PILNA). ,,,CK.csv
SPC:DF_BP50_2(1.0),A,SE_TOT_PRFL,CK,F,_T,_T,_T,1_y6,_T,SKILL_MIN_LTRCY,_T,2015,78.0,PERCENT,R,C,Pacific Islands Literacy and Numeracy Assessment (PILNA). ,,,CK.csv
SPC:DF_BP50_2(1.0),A,SE_TOT_PRFL,CK,F,_T,_T,_T,1_y6,_T,SKILL_MIN_LTRCY,_T,2018,84.0,PERCENT,R,C,Pacific Islands Literacy and Numeracy Assessment (PILNA). ,,,CK.csv
SPC:DF_BP50_2(1.0),A,SE_TOT_PRFL,TV,M,_T,_T,_T,1_y6,_T,SKILL_MIN_LTRCY,_T,2015,23.0,PERCENT,R,C,Pacific Islands Literacy and Numeracy Assessment (PILNA). ,,,TV.csv
SPC:DF_BP50_2(1.0),A,SE_TOT_PRFL,TV,M,_T,_T,_T,1_y6,_T,SKILL_MIN_LTRCY,_T,2018,28.0,PERCENT,R,C,Pacific Islands Literacy and Numeracy Assessment (PILNA). ,,,TV.csv
SPC:DF_BP50_2(1.0),A,SE_TOT_PRFL,TV,_T,_T,_T,_T,1_y6,_T,SKILL_MIN_LTRCY,_T,2012,31.0,PERCENT,R,C,Pacific Islands Literacy and Numeracy Assessment (PILNA). ,,,TV.csv
SPC:DF_BP50_2(1.0),A,SE_TOT_PRFL,TV,_T,_T,_T,_T,1_y6,_T,SKILL_MIN_LTRCY,_T,2015,33.0,PERCENT,R,C,Pacific Islands Literacy and Numeracy Assessment (PILNA). ,,,TV.csv
SPC:DF_BP50_2(1.0),A,SE_TOT_PRFL,TV,_T,_T,_T,_T,1_y6,_T,SKILL_MIN_LTRCY,_T,2018,47.0,PERCENT,R,C,Pacific Islands Literacy and Numeracy Assessment (PILNA). ,,,TV.csv
SPC:DF_BP50_2(1.0),A,SE_TOT_PRFL,TV,_T,_T,_T,_T,1_y6,_T,SKILL_MIN_LTRCY,_T,2021,44.0,PERCENT,R,C,"Pacific Islands Literacy and Numeracy Assessment (PILNA), 2021 Assessment.",,,TV.csv
SPC:DF_BP50_2(1.0),A,SE_TOT_PRFL,TV,_T,_T,_T,_T,1_y6,_T,SKILL_MIN_NMRCY,_T,2012,43.0,PERCENT,R,C,Pacific Islands Literacy and Numeracy Assessment (PILNA). ,,,TV.csv
SPC:DF_BP50_2(1.0),A,SE_TOT_PRFL,TV,_T,_T,_T,_T,1_y6,_T,SKILL_MIN_NMRCY,_T,2015,71.0,PERCENT,R,C,Pacific Islands Literacy and Numeracy Assessment (PILNA). ,,,TV.csv
SPC:DF_BP50_2(1.0),A,SE_TOT_PRFL,TV,_T,_T,_T,_T,1_y6,_T,SKILL_MIN_NMRCY,_T,2018,83.0,PERCENT,R,C,Pacific Islands Literacy and Numeracy Assessment (PILNA). ,,,TV.csv
SPC:DF_BP50_2(1.0),A,SE_TOT_PRFL,TV,_T,_T,_T,_T,1_y6,_T,SKILL_MIN_NMRCY,_T,2021,69.0,PERCENT,R,C,"Pacific Islands Literacy and Numeracy Assessment (PILNA), 2021 Assessment.",,,TV.csv
SPC:DF_BP50_2(1.0),A,SE_TOT_PRFL,TV,F,_T,_T,_T,1_y6,_T,SKILL_MIN_LTRCY,_T,2015,43.0,PERCENT,R,C,Pacific Islands Literacy and Numeracy Assessment (PILNA). ,,,TV.csv
SPC:DF_BP50_2(1.0),A,SE_TOT_PRFL,TV,F,_T,_T,_T,1_y6,_T,SKILL_MIN_LTRCY,_T,2018,69.0,PERCENT,R,C,Pacific Islands Literacy and Numeracy Assessment (PILNA). ,,,TV.csv
SPC:DF_BP50_2(1.0),A,SE_TOT_PRFL,TV,_T,_T,_T,_T,1_y4,_T,SKILL_MIN_NMRCY,_T,2012,72.0,PERCENT,R,C,Pacific Islands Literacy and Numeracy Assessment (PILNA). ,,,TV.csv
SPC:DF_BP50_2(1.0),A,SE_TOT_PRFL,TV,_T,_T,_T,_T,1_y4,_T,SKILL_MIN_NMRCY,_T,2015,78.0,PERCENT,R,C,Pacific Islands Literacy and Numeracy Assessment (PILNA). ,,,TV.csv
SPC:DF_BP50_2(1.0),A,SE_TOT_PRFL,TV,_T,_T,_T,_T,1_y4,_T,SKILL_MIN_NMRCY,_T,2018,69.0,PERCENT,R,C,Pacific Islands Literacy and Numeracy Assessment (PILNA). ,,,TV.csv
SPC:DF_BP50_2(1.0),A,SE_TOT_PRFL,TV,M,_T,_T,_T,1_y6,_T,SKILL_MIN_NMRCY,_T,2015,58.0,PERCENT,R,C,Pacific Islands Literacy and Numeracy Assessment (PILNA). ,,,TV.csv
SPC:DF_BP50_2(1.0),A,SE_TOT_PRFL,TV,M,_T,_T,_T,1_y6,_T,SKILL_MIN_NMRCY,_T,2018,76.0,PERCENT,R,C,Pacific Islands Literacy and Numeracy Assessment (PILNA). ,,,TV.csv
SPC:DF_BP50_2(1.0),A,SE_TOT_PRFL,TV,F,_T,_T,_T,1_y4,_T,SKILL_MIN_LTRCY,_T,2015,33.0,PERCENT,R,C,Pacific Islands Literacy and Numeracy Assessment (PILNA). ,,,TV.csv
SPC:DF_BP50_2(1.0),A,SE_TOT_PRFL,TV,F,_T,_T,_T,1_y4,_T,SKILL_MIN_LTRCY,_T,2018,40.0,PERCENT,R,C,Pacific Islands Literacy and Numeracy Assessment (PILNA). ,,,TV.csv
SPC:DF_BP50_2(1.0),A,SE_TOT_PRFL,TV,M,_T,_T,_T,1_y4,_T,SKILL_MIN_LTRCY,_T,2015,13.0,PERCENT,R,C,Pacific Islands Literacy and Numeracy Assessment (PILNA). ,,,TV.csv
SPC:DF_BP50_2(1.0),A,SE_TOT_PRFL,TV,M,_T,_T,_T,1_y4,_T,SKILL_MIN_LTRCY,_T,2018,24.0,PERCENT,R,C,Pacific Islands Literacy and Numeracy Assessment (PILNA). ,,,TV.csv
SPC:DF_BP50_2(1.0),A,SE_TOT_PRFL,TV,M,_T,_T,_T,1_y4,_T,SKILL_MIN_NMRCY,_T,2015,72.0,PERCENT,R,C,Pacific Islands Literacy and Numeracy Assessment (PILNA). ,,,TV.csv
SPC:DF_BP50_2(1.0),A,SE_TOT_PRFL,TV,M,_T,_T,_T,1_y4,_T,SKILL_MIN_NMRCY,_T,2018,62.0,PERCENT,R,C,Pacific Islands Literacy and Numeracy Assessment (PILNA). ,,,TV.csv
SPC:DF_BP50_2(1.0),A,SE_TOT_PRFL,TV,_T,_T,_T,_T,1_y4,_T,SKILL_MIN_LTRCY,_T,2012,27.0,PERCENT,R,C,Pacific Islands Literacy and Numeracy Assessment (PILNA). ,,,TV.csv
SPC:DF_BP50_2(1.0),A,SE_TOT_PRFL,TV,_T,_T,_T,_T,1_y4,_T,SKILL_MIN_LTRCY,_T,2015,22.0,PERCENT,R,C,Pacific Islands Literacy and Numeracy Assessment (PILNA). ,,,TV.csv
SPC:DF_BP50_2(1.0),A,SE_TOT_PRFL,TV,_T,_T,_T,_T,1_y4,_T,SKILL_MIN_LTRCY,_T,2018,32.0,PERCENT,R,C,Pacific Islands Literacy and Numeracy Assessment (PILNA). ,,,TV.csv
SPC:DF_BP50_2(1.0),A,SE_TOT_PRFL,TV,F,_T,_T,_T,1_y4,_T,SKILL_MIN_NMRCY,_T,2015,84.0,PERCENT,R,C,Pacific Islands Literacy and Numeracy Assessment (PILNA). ,,,TV.csv
SPC:DF_BP50_2(1.0),A,SE_TOT_PRFL,TV,F,_T,_T,_T,1_y4,_T,SKILL_MIN_NMRCY,_T,2018,76.0,PERCENT,R,C,Pacific Islands Literacy and Numeracy Assessment (PILNA). ,,,TV.csv
SPC:DF_BP50_2(1.0),A,SE_TOT_PRFL,TV,F,_T,_T,_T,1_y6,_T,SKILL_MIN_NMRCY,_T,2015,83.0,PERCENT,R,C,Pacific Islands Literacy and Numeracy Assessment (PILNA). ,,,TV.csv
SPC:DF_BP50_2(1.0),A,SE_TOT_PRFL,TV,F,_T,_T,_T,1_y6,_T,SKILL_MIN_NMRCY,_T,2018,92.0,PERCENT,R,C,Pacific Islands Literacy and Numeracy Assessment (PILNA). ,,,TV.csv
